Component 1,Component 2,Component 3,label
-0.01819678036433286,0.006118056472999867,-0.01493174661643772,0
-0.029020723908440745,0.010465616483735233,0.017412543067526497,0
-0.02335691686114065,0.008752430714563377,0.010397304420808634,0
-0.027625902757834428,0.07467376347641635,-0.04160487316422651,0
-0.03475208443376453,-0.0015309644509206438,-0.008580511306582963,0
0.01598941667128128,-0.04473216308996459,-0.022986666887786254,0
-0.019211644661831596,0.027897987372663843,-0.020286554054517063,0
-0.016324545802274916,-0.03946840596073484,-0.017584967133222378,0
0.0024918496616402382,-0.0305945788730175,-0.02183846760345874,0
-0.011103125236401029,0.02176924049033568,-0.029659605086243344,0
-0.009818155107024034,-0.03220645945482799,0.030020632582026474,1
-0.009840599595768593,-0.014938132831983024,0.04291047372025744,1
0.0203940948240595,0.02104693567656976,-0.041092013064371276,0
0.04135911966032786,-0.010666048974413467,0.006808371247973458,1
0.013927476233642832,0.050829858218795064,-0.03844827286537362,0
-0.021046456450476557,-0.03198075598958934,0.03486385363720278,1
0.016870907773815898,-0.0008156127615675385,0.01965120567263439,1
0.01454726497310023,0.0004018955906027969,0.02163203046172262,1
0.07838617784941317,0.03037006300807138,-0.028665820997371673,1
0.02148474941838338,0.007191108901702697,0.005254524483270191,1
-0.0348946220902772,0.00023510885081539507,-0.01067747962292983,0
0.006943049679918819,0.002338809009787786,-0.03443427107003551,0
0.02334489425433727,-0.004041539905152762,0.008833272729589017,1
-0.036134616581403295,-0.010940033085870396,-0.014006932930571923,0
-0.003387989026100883,0.03580801403615283,0.03975564009072272,1
-0.022323327362111796,-0.021131217735446958,-0.016468383479918466,0
-0.018203853025896076,-0.003505737273823896,-0.030468099962111993,0
0.037591267690124504,-0.009125808648363064,0.010841648351206516,1
-0.042801534992686435,-0.026195839464011904,-0.024621025675302305,0
-0.03270669070449192,-0.025068836216591332,-0.02549245597228262,0
-0.012657206655099215,-0.018205898394622708,0.0472146450401158,1
0.0018361431953720308,0.004994027129215633,-0.0269622160602377,0
0.01151275617351906,-0.000868459779084953,-0.02353204757496353,0
-0.017529454643034403,0.06908070345615211,0.03603752445372866,1
-0.007627856068578668,0.029566250639429675,0.039613392495993806,1
-0.029643485221432245,-0.013394719263813422,-0.01943045575603572,0
-0.010806038822691506,-0.031799082954772795,0.02876113542567941,1
0.004270689166078964,-0.028678765904268474,0.034271741987493734,1
-0.0069089141208574616,-0.013163071731802988,0.04316964624497922,1
-0.00213578035622565,0.007650657482365832,-0.02853176262573278,0
0.015251364117051754,0.011179930475123168,-0.04238792641941798,0
-0.01406340542197676,-0.01214187320201323,0.04494657384814235,1
-0.0066789347052298945,-0.017753315305993774,0.036223919930909454,1
-0.03516548612472294,0.001798965771073989,-0.009267227063586115,0
0.008370363657508489,0.005051038397460114,0.03851387279254944,1
0.052891868180015594,0.0035879999157848175,-0.0013166846537569863,1
0.01486390500962762,-0.008606240928547695,0.03228153110009366,1
0.02072218473287109,-0.037610422451383005,-0.01769332144533832,0
0.041404743803827096,-0.01674280722531672,-0.03785311195747189,0
-0.020836301537725553,-0.0292609405960337,0.03697922707469262,1
0.01517364043273076,-0.04237577153795163,-0.013696309605631125,0
-0.015587664051011814,-0.03748873316633679,-0.022105636324781734,0
-0.02237564326478775,0.030365992027097742,-0.01736573111884272,0
-0.026714956872648896,-0.014509123475360253,-0.017640560155825984,0
-0.016639367682906345,0.02596644786021627,-0.013328670258837926,0
-0.010069587100499069,-0.02070655852488007,0.036114294707235726,1
-0.033571305641145556,0.06275103899166112,-0.013875555904986861,0
-0.028432770220456823,-0.017584792128988305,-0.02323062425493547,0
0.02358650067188242,-0.04867680943492684,-0.018692131381720146,0
-0.036930797765736725,-0.0009651757514575129,-0.015207814025772922,0
0.03609074845096078,-0.0018775374363800695,0.0179515269415601,1
-0.0020485251818522397,-0.006106598400258803,-0.02591499807247901,0
-0.02227880903262929,-0.02010140268450398,0.04319856308195229,1
-0.02410110128416596,0.0013931066483189244,-0.032706621117303256,0
-0.029519460414221405,0.06865197884620436,-0.031812494261207386,0
-0.02742387424260067,-0.01891049844357794,-0.019798426669750773,0
-0.0071271217734338085,-0.014940774669094473,-0.02536401862767127,0
-0.019282019366157727,0.007684016224270385,-0.020439616389518574,0
0.018267974281258224,0.034360818426521306,-0.02388068361707358,0
-0.022785045300366853,-0.021513379048139637,0.04498526189607023,1
0.04280401572387456,0.012031022463865018,-0.006932775679617104,1
-0.03488236439601717,-0.002089639851174406,-0.007308674940028426,0
0.05495724864591611,-0.0009293967890795368,-0.004234125131650381,1
-0.021494521099037538,-0.0379650247493038,-0.0255275893692518,0
0.018655684400415755,-0.0296740675456623,0.020850138843435402,1
0.02014415643055171,-0.0171993522512989,0.007544496678683808,0
0.0139611401897718,-0.0437005850103797,-0.016980354498161876,0
-0.009949662736935927,-0.015110954893180916,0.04399646683286029,1
0.00668785686153443,0.005796357246919047,0.028057276554106683,1
-0.004152281501063045,-0.01717172498849738,0.028033466792510647,1
-0.009136311256993497,-0.007711323233292145,0.030186567962782056,1
0.0093006829522319,-0.023333385913684827,0.0012698385955156669,0
-0.019054415098902166,-0.026214102967127725,0.0445230542063034,1
-0.024495449188545987,0.001079799895824192,-0.014999417572298585,0
0.027607672947038586,-0.031001162679004504,-0.008487262309706672,0
-0.04377838314576412,-0.009177501753593442,-0.0198006530387028,0
-0.022063199778484067,-0.0027537442563176327,-0.022458700301311633,0
0.008149148446440217,0.008484119976916608,0.034253805860889525,1
-0.022166310177464635,-0.024189157689766573,0.0380079913204404,1
-0.015579939974014509,0.00914224176978992,-0.02502649265777772,0
-0.03233772582727318,-0.011254069569085923,-0.015381740802720818,0
-0.0013260811887458354,-0.01072920802697157,-0.028717198182478074,0
0.002446147655525397,-0.01818600770509554,0.023355899295695072,1
-0.010060081678351901,-0.025075202371287894,0.042182690129072886,1
-0.016534217487222995,0.004773308868338452,-0.02035139784720598,0
0.04842547416877854,0.03496062615699009,-0.009601331062719423,1
-0.0014329032811248735,0.029669749122830328,0.039137469271241086,1
-0.03299610101493512,0.011271501864985538,0.0097480355000444,0
-0.034998787785999526,-0.0002778859093397479,-0.009474975695144565,0
-0.008982602115998366,-0.021165594760787023,-0.001893401970605696,0
0.05556588328981354,0.04247040081992997,-0.010630943401890525,1
0.014062833438906953,-0.041469542086215234,-0.02466986619548249,0
-0.01671040294656631,0.023508716309357976,-0.018725642316654113,0
0.007162678731669607,-0.02362931217018846,-0.02506322799429236,0
-0.020892739157919976,0.07286759052002123,0.039785166096604783,1
-0.01341107963475988,-0.03777025714082717,-0.022186625764435943,0
0.0031459704138202,-0.02286466085464938,-0.024284119784405478,0
-0.018000258880033614,-0.025586615441341626,0.04127909907869461,1
0.0742756633991493,0.027881569582529728,-0.019046478091562437,1
0.05415163373735592,0.03496094826169346,-0.020069715360397394,1
-0.00030867597230417425,0.006235278065220415,0.03504633278098125,1
-0.010520697673240455,-0.026953569497892824,0.03402816065566012,1
-0.024430763472765543,0.01387336377191094,-0.02959877719146874,0
0.0010613041214454118,0.016513738586043145,0.03342442603251576,1
0.027650426635709966,-0.01805229936814945,0.021408505102384328,1
4.350228577413586e-05,0.01856114282589155,0.04260576076308833,1
-0.02879918959310812,-0.019990725134309786,-0.02589056342122175,0
0.035750056975548214,0.0078247067655779,0.020119763170754666,1
0.07418538779885706,0.017424397139138098,-0.0015224884392869512,1
-0.0048890695124932295,-0.03741433219199375,-0.021370593267439664,0
0.04807643354301362,0.0296105183373079,-0.015009919269716315,1
-0.0017033474162893706,-0.004785427243538754,-0.020485905940450088,0
-0.004826097870773255,-0.03395472954390669,0.02777915354780503,1
-0.02306198136871796,0.004925919209812266,-0.028121617858003774,0
-0.023606154069356015,-0.028547550704686224,0.038522588297571256,1
-0.014930884914698097,0.027527598938138012,-0.024855327773730666,0
-0.007710951992182148,0.02890076158830588,0.041177472245431744,1
-0.009196277559636132,0.0014681125591500793,0.03006932870758818,1
-0.009743467204322207,0.006542599029679121,-0.02143449830786516,0
-0.010656254489404157,-0.0002517217925252554,0.04305990965391018,1
-0.02064163776700171,0.06902916351886733,0.03534348842482247,1
-0.024442483796464534,0.07107328739407626,-0.037730264347208844,0
-0.01846453744222982,0.031732230007894525,-0.018775591068005228,0
0.013576497481516004,-0.03586389769983975,-0.02039986470232243,0
-0.03975063702828758,-0.013218893891990213,-0.013839284469174484,0
0.024298382747011363,-0.02986374047670247,-0.02258658716449391,0
-0.008449708097521071,0.009199992527571293,0.037341740113203785,1
-0.0416400618463269,-0.010327414904157853,-0.019144454057116532,0
-0.029065491928076916,0.014498069036659327,-0.008036069752847267,0
-0.024102820985049685,0.027500895264287697,0.01862528855295333,0
-0.03513526587859607,-0.007604359665266798,-0.007571337109115551,0
0.022092645187322214,-0.038467536202037966,-0.015798900476702342,0
-0.01652485267748551,0.05576386926664404,0.03312174304871651,1
0.03480342031722921,-0.0035940650961932656,-0.04002740864405196,0
-0.016119687454912154,-0.023800493590339776,0.03850429917451725,1
-0.02250128948599063,-0.034438825951752204,0.029740124313090692,1
-0.019561580169403774,-0.028958894674376942,0.036892104048943504,1
-0.017096573172537804,-0.02509317087771086,0.04265323571481465,1
-0.016364548319623654,-0.02322134573909134,0.04749395688587734,1
-0.03235140440682588,-0.00712794837128157,-0.014064340060829107,0
-0.0173957646521974,-0.026835514778836275,0.03547797650155104,1
0.0010635393274616594,-0.012604004600007709,0.02961757664654564,1
0.0743590325763947,0.017792871813413602,-0.004615581938928519,1
-0.04043667514477838,-0.01996926276322309,-0.021309372184418963,0
-0.004662717445674623,-0.030336056463296117,0.03251658149156662,1
-0.004529525116864066,-0.026591781373944974,-0.030141879711510267,0
-0.009649022537095951,-0.027826863225941932,0.03941797668784458,1
-0.027179895600186604,0.031041351566370074,-0.018491592224261666,0
-0.01596156870542779,0.007122870775965113,-0.022190939296875982,0
0.010398972583175216,0.001488982212667531,-0.03391415524842377,0
0.007067117489164358,0.008107679505728348,0.042720226073558465,1
-0.0061875499577541595,0.02550981797902164,0.04281088261594751,1
0.0026871123930443074,-0.009757018967623054,0.0464907829891575,1
0.005162702009364825,-0.0009197996236953018,0.026876443616994497,1
-0.0009692465511117409,-0.02884117489427778,0.03329403775189274,1
-0.022872589829997087,-0.0067852228031914825,-0.023651138734378758,0
-0.006615096795304011,0.01977210540509538,0.042758083484368097,1
-0.015283275215451933,0.010137969576639292,-0.026772113275798176,0
-0.026218856626227045,-0.015737625542828093,-0.02453227222382016,0
0.028686710551198924,-0.02351433056959133,-0.030632329981440568,0
-0.026835441356529068,0.018461180322933278,0.007086912916270401,0
-0.00107930605144301,-0.02208271624443297,-0.028723090030504755,0
-0.007759252356706707,-0.009458555621334401,-0.018889777802896447,0
0.014622919435901296,-0.00577039389439146,0.03301267615253165,1
0.01529413013566791,-0.0038750117075239347,-0.03411783061402775,0
0.01618211116483166,-0.0034396583496250008,-0.03333156963637257,0
-0.0002913523467632916,-0.003522401490679495,0.03826004889189014,1
0.006442458167760895,0.010017128881424,0.04544526622108636,1
-0.017247593517973107,0.02157336272356109,-0.01487677172668041,0
-0.029433010275365268,-0.01905624738091599,-0.019857580089915824,0
-0.03356031597011505,0.011981955870631042,0.017232259131337045,0
-0.027433922173197685,0.07219338493252359,-0.03458483123670408,0
0.00016695066622709944,0.01629677180838022,0.04088064034104549,1
-0.023501298409142484,0.0165310997389248,-0.019896080499698533,0
0.036591880086798444,-0.0028055083235889733,0.017601857712605674,1
-0.02199193714568421,-3.843501406741376e-05,-0.023754694148153253,0
0.07573667648686415,0.013730419198642263,-0.010518967024267002,1
-0.007174786152076786,-0.012440414053783174,0.0429471300751428,1
-0.039652727512436564,0.003758415591843811,-0.016583094092730094,0
-0.02107793197400785,-0.0005914529489294273,-0.021004393347096882,0
-0.007815797889235698,0.017236941892311366,0.030402166790845626,1
-0.023187078508232636,0.007366847762392235,-0.022239507240949502,0
-0.028178892190491765,0.013531190662946564,-0.007374829707304943,0
-0.012894271664242476,0.06621895822208242,0.04141956097079491,1
-0.009404515728018625,0.01089029960842185,0.040069534343757485,1
0.0061718159457916175,-0.01650302034463316,0.028055146667790305,1
-0.004447610974860033,-0.026408610318196413,0.03418080282479179,1
0.013467015825395574,0.04507007338234649,-0.04079484981432065,0
0.012848322132434826,0.04536889005156996,-0.03449005659568407,0
0.01378484778600816,0.012211143731577653,0.02544096577106164,1
0.05322108438344239,0.024219094979624052,-0.0022528181257561765,1
0.009920559945278736,0.007722558128324243,0.03033794662524421,1
0.002253674131473791,-0.034627247539554644,-0.01695361982895077,0
-0.027343586044238415,0.0784150644178921,-0.03692141188772709,0
0.0030282141294843117,-0.014607640136231547,0.04099658905437096,1
-0.01262309539246121,0.06675263982522403,0.03932250479229446,1
-0.023956017030559593,0.0742774546144063,0.036147294720757665,1
-0.013070329244809224,-0.020779032615970704,0.041559419405315774,1
0.021507066061355842,0.027756045353892905,-0.037002520427349375,0
-0.0033124666026164724,-0.03802311808854737,-0.019552239461501343,0
0.005895074397826184,-0.01165493651807786,0.008878919217001,0
-0.04138208781895121,0.005261977699877199,-0.01933816598191443,0
0.0031125727140624594,0.017724099200735383,-0.032048537916094647,0
-0.008179339244658232,-0.011551156630010365,-0.0035590320839430194,0
-0.023549593353133738,-0.014815712461600839,-0.028696355853210117,0
-0.0382042756077787,-0.011099595058028502,-0.013148272907746596,0
0.020144156430551712,-0.0171993522512989,0.00754449667868381,0
-0.0004250065577043353,-0.00025009422716343994,-0.02355817851928382,0
-0.021215361937080714,0.06764880219613285,0.03687955231922471,1
0.05060899839756437,0.004634928082781584,-0.004306350280933829,1
0.04131127512844209,-0.004170142028665787,0.011748345848499948,1
-0.014849246084758832,0.05142162492936688,0.036187772234179266,1
0.02069402014656868,-0.020794081541873847,0.03068424194682448,1
0.031036742253628985,-0.020049533608502992,-0.029844048462196696,0
0.004464028899249274,-0.012695643458827717,0.02786427064376762,1
0.01847315774474517,-0.043900413409238795,-0.0299533531203105,0
-0.029566649761494777,0.07984995617955701,-0.0391524914333662,0
0.046332368626362294,0.047751761553948766,-0.011562380076181102,1
0.07716225171603733,0.0305065387744069,-0.024083868846046987,1
-0.016229842440305724,0.057390056004960804,0.03478245271919001,1
0.030323492686122812,-0.017450538753299515,0.02188261892649065,1
-0.0022719809849124166,0.01280103078905806,-0.03263621465429076,0
0.00766739152666473,-0.017072966704662795,0.017948495048407294,1
-0.0379907123217893,-0.022292602066958614,-0.01078004794483599,0
0.04496741670976461,0.01261013262751328,-0.00961502990301049,1
0.04264141635349895,0.010891211183595546,0.010503859122181745,1
0.0003091671480870701,-0.019356693922517945,0.030030222125741156,1
0.0005536196441450684,0.0010093880423196675,0.04009377623376771,1
-0.02026573527336832,-0.0020260041357464537,-0.017282905507939986,0
0.022051662531850234,-0.03592865993007067,-0.024396595662280023,0
-0.02062206577037805,0.007217750841410259,-0.0015454461131132122,0
0.05036452007407566,-0.006796321982925527,0.011943554702804378,1
0.013684259582640457,-0.03872996339490677,-0.01781730166289911,0
0.00876766381221685,0.007621858467217246,0.03270172459667992,1
0.015051983546369602,-0.005769266227053182,0.017761941620496373,1
-0.005957507276933777,0.021111885427011264,0.045432562419503456,1
-0.022832906695956737,0.03593793728196387,-0.02209431608654073,0
-0.0351661929456837,-0.004310773239620147,-0.011363597173540643,0
-0.02423682036740797,-0.00936026351536997,-0.024912941030971452,0
0.03867611536463961,-0.01387598105452174,-0.03616660443573475,0
-0.025150900137303703,-0.03666050103247208,-0.02818992523238365,0
-0.0064059106758830794,-0.01716822835070153,-0.019137187066251657,0
0.03685922187271286,-0.00852320280122654,0.02474749373712883,1
-0.03475621890313688,0.028629847715121306,0.014822174377100313,0
-0.022666980900710315,-0.03575001983629006,0.0282417018816342,1
0.013288313085007459,-0.03785195949484862,-0.019835983061472395,0
-0.023315910695011002,-0.023354405847562966,-0.012684002056605453,0
0.016191260549904503,-0.00545660537036387,-0.037858468188260955,0
-0.023014513891931335,0.06781292507544684,0.03299890227064124,1
0.03773721603861248,-0.005106940404309847,0.01562576003315187,1
0.03533986481120344,0.00017302651540183206,-0.038918276633632176,0
-0.034143362899255444,0.00967934435096238,0.012956419818818857,0
-0.006610857837882466,-0.03629786162546297,-0.020611110211293235,0
-0.007963378252116004,0.019393603129922422,0.030691605187100582,1
0.0027926791517371118,-0.015376375238506343,0.025264175407687325,1
-0.02264841055800311,-0.016393227930837844,-0.014095391686555462,0
-0.0022577277558758196,-0.01657372733464332,0.0383221322176959,1
-0.0005391579435837994,-0.02313318851952284,-0.023120110500543755,0
-0.0015725147462356801,0.031086041312293273,0.03632855977287158,1
0.03150927926800019,-0.013466558978540686,0.010145729900805998,1
0.011041959765769323,0.015170177463737057,0.018245770468025186,1
-0.003507637799809552,-0.03241055987263518,0.027316324472803133,1
0.023112599305410427,-0.03955298400918979,-0.014743557485709637,0
-0.029020736032523427,0.01046548786658625,0.0174123827425299,0
-0.04075837260202229,0.002530588698381221,-0.01580227039748927,0
-0.034527484791112076,0.06138935160239225,-0.02609059259702063,0
-0.022374760533318876,-0.004096707611899671,-0.019158016982658243,0
0.05569002145897275,0.0404156122733525,-0.009714959801003085,1
-0.015270200824448108,-0.040280076195478784,-0.020328172395690944,0
-0.0006909773311032635,0.012226431265031899,-0.020718799827978147,0
-0.00032843508091228444,0.018448465794543616,0.04589154146593609,1
-0.027797575911363955,-0.01722687339972068,-0.030005477673778123,0
-0.0012346850495019658,0.002584783524282139,0.04176349732768228,1
-0.02214151663417575,-0.03291531703157893,-0.01810168081208386,0
-0.01821522095544784,0.026010622129926504,-0.024210347164406634,0
0.05360142078467177,0.007615404979735042,0.002587596175127743,1
-0.039924469110646364,0.0021376863742700036,-0.018067291009295248,0
0.011687142420119128,0.014628342176741733,-0.03975944351477034,0
-3.5026080442963447e-06,-0.0387134163698805,-0.025107122515353582,0
-0.028436790128623803,0.07888009882395929,-0.034333910925488646,0
-0.0001568852931181225,-0.031080915663948525,-0.018364753517965286,0
0.013116905911731015,0.017665450003024556,0.03233717829917679,1
-0.0029918113070688335,0.03402938428258779,0.037048390083044135,1
0.03354325578175135,0.00023262165291648706,-0.03745196920032217,0
0.009157025730482783,0.0026353221194688192,0.024624793932698497,1
-0.0200534439272261,0.0034620557134051808,-0.02599034469757099,0
0.010368367114707155,-0.011946520449274651,0.01874527432705112,1
0.04559406342656737,0.018293745336753486,-0.0032848063312827247,1
-0.028689891899657108,-0.021504443682986204,-0.02868792910238675,0
0.005894941876025001,-0.011654728377086143,0.008878737672220069,0
-0.027813747304013425,0.07127063308349395,-0.03439067829905649,0
-0.03699457948441576,-0.013271190995663033,-0.010634653675051557,0
0.015809619905882064,-0.0014100400913296882,-0.03758226437464221,0
-0.030290357956835316,0.012353676602597095,-0.014691575273436001,0
0.008561379068345764,0.0024117064360974546,-0.03640731862806722,0
0.07417849073688698,0.015546264831566375,-0.0048379759004106,1
0.009062222552756901,0.00954034303948938,0.02443853584311841,1
0.00036722635531272955,-0.0010458489972509665,0.035376862243510665,1
-0.03637707876383542,0.0029699831193795295,-0.010377491946593187,0
-0.02463625447543181,-0.03910598046575943,-0.024518543096761942,0
-0.008042985223675404,-0.0019784167320018795,0.02886641832828915,1
0.044877651439467786,0.015403863330316674,-0.008502676638094994,1
0.0030215396872055825,-0.029392252082468987,-0.025281167787026725,0
-0.02996964065926011,0.009060253942040252,-0.005257470693489388,0
0.013668909684529829,0.0025369404750601836,-0.03421071762358984,0
-0.03150839569081286,-0.02182430370360576,-0.024906669175060087,0
0.022378842667116206,-0.033335850688733494,-0.012496495424635917,0
0.011325921175693612,0.013123043825405056,-0.03619183890071163,0
0.008776686341500209,0.018879311771461255,0.02282086698747579,1
-0.033524341909245546,0.06046011875949822,-0.011737499086379347,0
-0.00971275072846508,0.0004928827191707386,0.04914608615920489,1
0.00753709973530076,-0.014855082625049159,0.017881372920000894,1
0.014498874208532356,0.016627177684104072,0.018647398094008,1
0.0036689710255721486,-0.03313770640380576,-0.00963965443421593,0
0.0023623040785002982,-0.05195301994336514,-0.023207576445036238,0
0.01708975081120858,-0.04135994900789826,-0.02387286094998126,0
-0.030450943814167727,-0.0272832706700531,-0.03252488413283098,0
-0.0054622713018644894,-0.028853980253579166,0.03406048639682081,1
-0.029935941123370145,0.009500277904302176,-0.005664845126804319,0
-0.04248400609254534,-0.005432647149402073,-0.027413787403529826,0
-0.024158833902290122,0.05735435956474941,-0.029949141075546297,0
0.002814226671697888,-0.0005964960572106804,-0.02749609611397479,0
0.01713014279719997,-0.025167134014723445,-0.010224929480023404,0
0.023802425190411106,-0.03521293823389526,-0.014186385476287453,0
0.008372004563074933,0.009551343812764842,-0.01938588395366645,0
-0.0012653735644372545,0.0026084067066155844,0.04359745330158128,1
0.024189416658335572,-0.03138300346575613,-0.005950414732427765,0
0.08317604581092192,0.043890923935425735,-0.03295417749921238,1
0.04704946746806438,0.04910172391658181,-0.008774640206634687,1
0.00021810654398074936,-0.015544257359259473,0.02399423953092838,1
-0.009092106868263054,0.011221326877192028,0.040400224431158344,1
-0.021175517067883388,-0.023453240508907236,-0.016334683646487068,0
0.022192907906720762,-0.005326958179056228,0.010598945935057877,1
0.036003003016024354,-0.008053848661914328,0.02742137499147039,1
0.035200063242930284,-0.002948297559084285,-0.04455468830646682,0
-0.010589245221347594,-0.0005581876204947753,0.04269783536249843,1
0.033395936689167585,0.006257574389182667,0.0004922894219293616,1
0.019656018966209166,-0.04527314196671125,-0.01663464281093836,0
-0.00031879770715970623,-0.024806713764322984,-0.009912129575592503,0
-0.017630414442100673,-0.021489860224530973,0.04770318724547572,1
-0.010023992920052956,0.01815204612764207,-0.02443814939171044,0
0.00824618620069474,-0.005654841951106184,-0.03707245737461111,0
0.020382848427769384,0.008213911054516021,0.009393807606763315,1
0.029032221922805447,-0.019752663290026652,-0.02677999000638958,0
-0.0071732462195191575,0.01415463139534848,0.04000802360072778,1
-0.03953478218035576,0.003968921704030473,-0.019128613337623723,0
-0.011683862117458772,0.04346024804325722,0.02557532003294549,1
0.0010373981585241516,-0.009174020411225028,0.032102881214742175,1
-0.023079996832875295,0.004565900920723207,-0.02582968434314599,0
-0.022544755983268664,-0.010329196534326072,-0.022953104625372728,0
0.03754744527708011,-0.0009765430165348601,0.013118851112443486,1
0.014886845037303621,0.012550876792975008,-0.030763094742486924,0
0.0027978748015261316,-0.02239337955923965,-0.012572135360507263,0
-0.034147733875201536,0.055298560634666136,-0.008826522249798033,0
-0.040624098704203124,-0.017105741696256137,-0.021190273581694025,0
-0.03958553365092491,-0.01177138465030439,-0.018670618302636006,0
0.00040898898913039466,-0.00425227184452317,-0.02968253765076108,0
0.05531530987760401,0.010293628098481264,0.0010949709939998276,1
-0.0179956565845135,0.02373854577174661,-0.024073878078780996,0
-0.0011201995485572575,-0.02483807797428627,-0.019847726608997782,0
-0.02029025171767984,0.07273663328059679,0.03547969779279857,1
0.027121420255063533,-0.013547429375224055,0.0014425397392758693,0
-0.025693480494618587,0.04839314779139171,-0.022995341677422544,0
0.02637892271663144,0.024515045055132023,-0.039454788607106654,0
-0.03387283868641606,0.024708448244500615,-0.017386964443180275,0
0.055212490957888084,0.005029455301831756,-0.002064884632127121,1
0.0038326064021676296,-0.01329172740364077,0.030739266767570383,1
0.0063422097438034595,-0.00275152753079886,-0.03524000493602949,0
0.0012886958665993538,0.005472358598824377,0.03349318388169001,1
0.002839759156501036,-0.030674640135023856,-0.022806851412206768,0
0.0016973406738582855,0.015487463480863108,0.03131558143938447,1
0.034598816434039226,0.007213987067036257,0.0008680864172531579,1
-0.005213366383486766,-0.029077260191205483,0.03112564260687512,1
0.014381592349666596,-0.04380505854377259,-0.01451674481960984,0
-0.005619358481367222,0.006587375559505325,0.03286352432004161,1
-0.023036172252158107,-0.024546049247431416,0.042601846377181014,1
0.03050047881348563,-0.020076393312744918,-0.03106175227327263,0
0.03858662860961179,-0.004289307677925312,0.022975788646703035,1
0.022025969948892308,-0.022609541956615017,0.02989541624624456,1
0.026028511338486274,-0.04760148841245536,-0.020930497892884654,0
0.05147355411409008,0.005795710314644285,-0.0015333463265800804,1
-0.01962155764230536,0.0465693718908106,-0.028157145288526704,0
-0.008027784051282795,-0.010127829079183701,-0.017331279211467997,0
0.039903706334544084,-0.012418030736041464,-0.03253789113399721,0
-0.007668292709093069,0.02886430578600956,0.04012569167828439,1
-0.008066426166827808,-0.011644614029743733,0.04559215219702544,1
-0.016077947100093866,-0.026614741598557423,0.03567856891966243,1
-0.006474203989195338,-0.03627176525002515,-0.02044864047774502,0
-0.027547920970007318,0.035508584012917885,-0.020219409930644548,0
-0.03950285505673768,-0.022244489332915077,-0.008623329231243742,0
-0.006663421332843773,-0.014532052476587617,-0.021584131034779228,0
0.05394972994665244,0.005415863814278818,0.003702036480402189,1
-0.033369926571753146,0.04558882882623943,-0.01659246590437075,0
-0.006458548479534016,-0.019715956990559988,-0.028453731492580896,0
-0.007071360391057659,0.025820351503602467,0.044904090498007476,1
0.07919839790741887,0.034484349551964694,-0.024828917174801277,1
0.020628881253256334,-0.003728366581652282,0.009522290054113777,1
0.0038346650000258067,-0.01544856825164117,0.03344769600610483,1
0.0284796319617764,-0.019627648911396615,-0.029038158042805975,0
0.01718628461710335,-0.02520099375942015,0.025746257362237034,1
0.0030936730721212516,-0.004831496375333825,-0.02866516676222326,0
-0.021496538769243914,-0.017513719517411045,-0.006216943324214179,0
-0.0034911125045085424,-0.012263406055108627,0.03484811075299786,1
-0.016659132446239445,-0.02672774324414716,0.04471298884064525,1
-0.02689792959177293,0.012657122597144101,-0.009243709548159913,0
0.07842814622312791,0.038753284215360964,-0.018054543218526453,1
0.026058934653455726,0.02568451853041953,-0.042146855099320986,0
-0.008890700594503344,-0.029228701348614876,0.03838700487556355,1
0.0022137944180594103,-0.018726134458459037,-0.02677609760088439,0
-0.024346330674166618,-0.02134602161348522,-0.014147412300864136,0
0.0039632885350378375,-0.029724074768835932,-0.03042365368063762,0
0.03744514551497509,-0.007052327765205299,0.023491001280211445,1
0.008879090426934893,-0.01579012645968302,0.016474949541333897,1
-0.021911514687649843,-0.006789486610225357,-0.02836497211814398,0
0.025857637742249393,-0.041814386664383425,-0.012027679041096476,0
0.03397380346816095,-0.0037277239131947235,-0.0366034352721792,0
0.010330267072936838,-0.016954588853159466,0.04474741343856997,1
-0.023111523291989806,0.011146145120529912,-0.023161175738219106,0
0.0014836558756613854,-0.021647183176786048,-0.023720580659331997,0
-0.023248697886915665,0.06434621028104634,0.031225868606339705,1
-0.02196691874863562,0.01260160048794966,-0.026337557477123484,0
-0.03883560064160171,-0.011829162355481052,-0.013686594643564432,0
0.013756601793670019,-0.04047727354899228,-0.017320650234107594,0
-0.02202339355733989,0.04606650946046639,-0.033778155494433824,0
-0.010169920672893039,0.004837413091598407,0.03936988368935707,1
-0.02535765571776359,-0.01225778751690805,-0.023364117322083162,0
0.005034342733726118,-0.0189310820808276,0.03281007228484771,1
-0.042473750635567506,-0.022872564396322508,-0.028830295696996633,0
0.005894941876025003,-0.0116547283770861,0.008878737672220052,0
-0.004275320402485376,-0.006680312436146665,0.03911568608116031,1
-0.020037987708314126,-0.02422792778486721,-0.016762774409260085,0
-0.00012488497118207488,-0.02383047110933001,-0.021406607501854778,0
-0.018367437375362134,0.03798982821569666,-0.026085079716612225,0
-0.04196181190949453,-0.018724288188201745,-0.02868108368588955,0
-0.040730707468838626,-0.021667112990355494,-0.02865012854047629,0
-0.023577617131276707,-0.024388507256182603,-0.014932865358743927,0
-0.0063520265653726135,-0.015601954069674111,0.039870147562667234,1
0.0541663161713374,0.03250933156000481,-0.021687600927697483,1
0.012220511942968547,-0.003895363123173315,-0.02466851413553514,0
0.015849213561773812,-0.04519659754899856,-0.01776535454587002,0
-0.005739786254298926,-0.016743474274662946,-0.026085311343982794,0
-0.04216591668782084,-0.022972981891110904,-0.0274491397593617,0
-0.03356031597011505,0.011981955870631042,0.017232259131337038,0
0.0038660540041189784,-0.010669228260457336,0.03306050166710298,1
-0.009402004608334957,-0.035731832976170386,0.02577378737118724,1
-0.003123122377169921,0.026061699276316873,-0.018292152757471373,0
-0.00913844838960694,0.013174107873620448,0.030542057702702498,1
0.0002391966593919279,-0.04749290113430855,-0.01980424472143704,0
-0.039105840985544815,-0.01151402959140587,-0.017166778020163614,0
0.04036404233242446,0.00038395873136710945,0.010447721027172854,1
-0.018996373657721808,0.01895203693422338,-0.015484434980053113,0
-0.005040707344727143,-0.02503467043079123,-0.03159251958008237,0
0.042638684129877376,0.0030369460941605184,0.016859420931380584,1
-0.033547245847477036,-0.0023665055541241195,-0.0060223486732094225,0
0.039808910209475065,-0.013493813933976577,-0.03187211338887637,0
-0.029341432404365035,-0.020626926232033348,-0.027581590573697135,0
0.054614544988282235,0.020987184168937495,-0.003552557512828798,1
-0.01068555100579326,0.0344040706063524,0.04060620488264793,1
-0.012998677181156108,-0.012313435089442286,0.04467072314626811,1
0.016430653220765867,0.0415950383535683,-0.027450814992742316,0
0.034418461148241854,0.0052762267189796555,0.01607763145936623,1
0.05363484732975678,0.02604069045726258,0.00128993855671522,1
0.035910391691634735,-0.00858840191858564,0.02616498331490332,1
0.003318187145589995,-0.04719862896858762,-0.018313906390176424,0
0.03805194383228427,0.0008299702444935914,0.017635631969566332,1
0.041172291257762034,0.002110531666235392,0.005643660872241808,1
0.05584692924852557,0.011560126052586599,0.004420930600369834,1
-0.03153931070268959,-0.01916906535680065,-0.03065064016946083,0
-0.0019396815127999609,0.0039668449821729426,0.04426063880130825,1
0.00017664228441108569,-0.04406769749848722,-0.01839633411149237,0
0.02665841965239059,-0.04477624069941952,-0.015250181269870053,0
0.051646348509200565,0.03419202729835711,-0.018442236906539955,1
-0.03301740517328722,-0.0052066748408608685,-0.014090574849236839,0
-0.03755043834547857,-0.012621410403285828,-0.014272312446004156,0
-0.038311663214443806,-0.016612082138429067,-0.019205803535130482,0
0.047959964820827615,0.04910652796334271,-0.0063888275613744674,1
-0.025902556168243128,-0.021766643873398658,-0.02784256440899806,0
0.07950929667022572,0.028738233458082046,-0.029417596118065513,1
0.007918046753457534,0.0019447551070854007,-0.03218116747155457,0
-0.03744790873853075,-0.00957369627021052,-0.014014399819945976,0
0.014326482348626799,0.013795237579897417,-0.015785389523279496,0
-0.0059911628395909735,0.0004886413798809337,-0.016865624939050847,0
-0.009069742239079272,0.002903558558152104,0.032784683626319436,1
-0.0032110405382328394,0.023146735211779734,0.038274303283301225,1
-0.040289623769200394,-0.030142739431176818,-0.018331124127116124,0
0.014996256609963954,-0.04025920188871048,-0.017851190283508428,0
0.015787762728149562,-0.0013037599672609014,0.021961013360610557,1
-0.01133909248213074,0.013233174615836908,-0.013328850332732303,0
-0.033285517508645564,0.05301217885936124,-0.015547970423418413,0
-0.011045438392817037,0.03477878959304484,0.04308856590074213,1
0.008024206176003544,0.0105031435706773,0.04198788958817902,1
-0.00010585150342977108,0.007316698669726003,0.034078640142778595,1
-0.031705125889834526,-0.023710489089339364,-0.025290846858998513,0
-0.037380051876772916,-0.011794279475172254,-0.010796296719086483,0
-0.015495080639247054,0.00472524124652599,-0.0140525312085613,0
0.08315335511530755,0.045399257394929976,-0.030983434643406783,1
0.003002250523365583,-0.020538380896037982,0.020674736537595058,1
-0.00034566293896890355,0.02841597626809798,0.038788749073885784,1
-0.019379340186318122,-0.029884348067647174,0.04232317329721621,1
-0.012087225231251558,-0.01083670042752061,0.04329108830992434,1
-0.019365167618775325,-0.024550129119329127,0.040250654540686104,1
-0.011982311499895721,0.031952900577298,0.037657002604743604,1
-0.03083128685831034,-0.016164949907948124,-0.005671426320939799,0
-0.028353955019272258,0.008241432086266744,-0.004532023852761623,0
-0.037837622777696034,-0.008659683246561072,-0.012907847562567592,0
-0.0026873004765511047,-0.014817772734163966,-0.021166686952482566,0
-0.020236607581558468,0.017518933267090808,-0.007088099106042977,0
-0.018025290141728025,0.0055393107966917425,-0.02054244794355647,0
-0.0017526850923567803,-0.0331622289278918,0.02868417061014318,1
0.023602257397035593,0.028243627238973477,-0.038225864163541824,0
0.018703756744966833,0.007854555385894055,0.00887593644233292,1
-0.03016172188179311,0.011031569881857176,-0.006572586627696143,0
-0.030224612971457468,0.04591405371403017,0.01208334393918881,0
-0.020254712321953614,0.01806668827673015,-0.02123711645345954,0
-0.005902788764048383,-0.01627309885292337,-0.025479101543686884,0
0.07916319081432455,0.035260837248868915,-0.022915326002475343,1
-0.009323239924481705,-0.027855591042924253,0.03672599693237774,1
0.01962412645227689,-0.049495709026941566,-0.018728326644416416,0
0.009158994847556372,0.003041136243368176,0.030810902162556872,1
0.07640779965571237,0.02974594705199443,-0.021517868854437263,1
-0.04010685845450834,-0.0103052722672161,-0.011915068291165249,0
0.011777994840327908,-0.0024154661785393966,0.03661511386491048,1
-0.027680795107791874,0.02118045010690799,-0.018935837975634803,0
-0.005634636614875104,-0.013518162334971225,0.042959717763815325,1
-0.0006666182327077897,-0.026050693155304016,0.03624817419009053,1
0.03335748668138731,0.005487130186200659,0.016713091130852266,1
-0.007440063226247143,0.027067613081361977,0.046120129088167,1
0.03603988344845002,-0.014355113607684784,0.01816392697111578,1
0.008720974388703399,0.005780467286537413,0.032173161558547075,1
-0.011280702729425978,-0.012982755550260168,0.046201021402551126,1
-0.021302207583310896,0.07851060048851766,0.03761347097577082,1
-0.0018849546116917687,0.010603007754123882,0.04156830497693757,1
0.009897160327713185,0.023562810889548463,0.026430132220535855,1
0.0427514482524306,0.009740085748174518,0.009547195753553967,1
-0.020784201250177388,-8.944379508610267e-05,-0.024034295425070268,0
-0.008624531636101218,0.02174404050018923,0.03355018351430987,1
-0.008704104363594874,0.010136936658233758,-0.029276152953804927,0
0.01372952767410899,-0.04221299767200267,-0.01190408699314368,0
-0.0067966812276408686,-0.018594242219481392,-0.02431768625837394,0
0.0237662913394446,-0.05250767397684207,-0.02464711811286472,0
0.012025267655413983,-0.0005238731806734027,0.03979582275612833,1
0.008509464347050258,0.0023718235437389197,0.026446367793574753,1
-0.013809344056133967,-0.01897465899181919,0.03882506070793291,1
-0.012338508686588645,-0.04666555586770495,-0.026265872820799556,0
-0.024306554511880685,0.007553045993785359,-0.030174032553962202,0
-0.01886064447489552,0.042459661034759344,-0.02876016603947843,0
0.048281112934708215,0.052357766895951625,-0.007579039899773596,1
-0.03400816503438989,-0.023861638105322942,-0.02525569164034254,0
-0.00835785897722883,0.006395204666599589,0.037536968819673985,1
0.01388452536447633,-0.01026124463663907,0.01539424799943554,1
0.08558234870721623,0.0433673878407546,-0.037890354176732546,1
0.040007498414382586,0.0026432475235616676,0.021389957653185243,1
0.015708004833485726,-0.036952604470671106,-0.007076702447975848,0
0.0379078707603033,0.00027322818923439934,-0.02973625915754252,0
-0.01000703182097382,-0.01652529917010693,-0.031143040843705033,0
-0.03449244228156512,0.017000064747980898,0.021073519819679663,0
-0.039399968329568616,0.004114590098049473,-0.010891572515823556,0
-0.014939320252799891,0.07382425421023228,-0.006557492973904969,0
0.001441707923158409,-0.03256260770509424,-0.032341397085731846,0
0.0011187950900133675,-0.01396580241151518,-0.016697180438208198,0
0.0056736758093027945,0.020541994204768755,-0.03433406547580358,0
-0.03992376066794395,-0.0024733762072685905,-0.021275118786370714,0
-0.030224612971457475,0.04591405371403015,0.012083343939188813,0
-0.018167940793728757,0.029116055236892764,-0.02790663300270712,0
-0.039609564256438745,-0.017048496104043437,-0.023634550630117098,0
0.004129432777966463,-0.017426777216901303,0.032825857345837275,1
0.006891860820837156,0.0013167541898891338,0.03814180278994855,1
-0.03449244228156514,0.017000064747980905,0.021073519819679667,0
-0.008999393949530882,-0.007494730794179704,0.03129618469424439,1
0.01413340361694566,-0.024403451955360318,-0.006163723480834838,0
-0.0033737043643151414,0.0025066591270327073,0.03035743195526177,1
0.02271891256649388,0.021521401056590773,-0.02786419105000673,0
0.033732235440053174,-0.0017227035334128477,-0.04146617469369035,0
-0.015978516442826027,0.025052260561348266,-0.015343778155130596,0
-0.03277944810039266,0.06818870035474378,-0.014112276862887164,0
0.0171745188557911,-0.03767280212460688,-0.015341600129228996,0
-0.020766790316775655,0.07669636473830063,0.038228755111307404,1
-0.007485289423258431,-0.017667648973483094,0.03906601436898571,1
0.009763683303838049,-0.00500824475708804,-0.040940365682347324,0
-0.031146841277957693,-0.01691115042594979,-0.022479447395480148,0
0.03834664463776471,-0.0036308150898413313,-0.03870679439146702,0
-0.03352254291431192,0.06695773202685736,-0.018017040489025325,0
0.02069024288540682,0.025541689670158626,-0.04275100006817675,0
-0.02847845570176808,0.06888096866040405,-0.024082921834314167,0
-0.022813725379129075,-0.008428209148264282,-0.02485384930326354,0
0.020747421233273937,-0.03947603886155956,-0.017795079353158796,0
-0.02497041430466184,-0.013854370471756073,-0.020374745749051418,0
-0.02005043012930318,0.04378823229287575,-0.024455056482439307,0
0.0232327458324492,-0.0419795235467971,-0.02054074369555752,0
0.03893022386012196,-0.009685126960480593,0.01778870564885965,1
0.05840692104465927,0.0405592802926997,-0.016139309129648047,1
-0.01991860516551037,0.02167729555876354,-0.021567735380495983,0
-0.006892911815446625,-0.012014773109482254,0.04319270339899199,1
-0.0181398072101918,-0.008561806164114533,-0.022370132972652706,0
0.02348766867273284,-0.04660078461144586,-0.016613318001584568,0
0.0376901062954975,-0.005991068945833095,0.015699096008336084,1
-0.01396204144899815,-0.01262772134326836,0.04568269984474189,1
-0.004646779011855365,-0.0027171644139494995,-0.02890360437637887,0
0.06928813136344394,0.010626668258621894,-0.0016413656318878568,1
-0.024079492799218553,-0.0018554671550644955,-0.023732407000552864,0
-0.03125478885070716,-0.020701786716017197,-0.029642561382975822,0
0.014993269692917536,0.002065639679248955,0.015753105178004066,1
-0.03426454835740873,-0.0061233993345454485,-0.009236277052847304,0
-0.0017343921423765736,-0.013848664018143768,0.0438721973302019,1
0.060258231559385145,0.0002198399522021846,-0.0029333913314752366,1
-0.011353556094659708,-0.013505933825221644,-0.029153952623766417,0
-0.0225282021005027,-0.046903780798598346,-0.03152509813370327,0
0.019508605826015817,0.017173583812726694,-0.043507809598761535,0
0.016904219548618406,-0.0437340872565474,-0.01748082098572378,0
0.0026517483717981814,-0.009472132121443946,0.011377086967832718,0
0.03543361022918771,-0.000841012836725552,-0.04167150568455618,0
-0.015501298369381092,-0.023489639734611142,0.03356810471211538,1
0.0026112377536205043,-0.024295069815940876,-0.022027481649771634,0
0.0003654184494832957,-0.02272995024314119,-0.029328051131345626,0
0.041117428187998795,-0.01716564974202069,-0.033674897701459365,0
0.05849530008710079,0.03646776754241947,-0.015994987114787078,1
0.009073855542309233,-0.021422487598945217,0.04057418086471662,1
0.0034276912075452484,-0.04678059343679076,-0.02009409123651616,0
0.035307826708323546,-0.012659644461720666,0.02113118117860563,1
0.00986553775669315,-0.012473311169519023,0.016359793568387467,1
-0.023100426763909283,-0.020838939502244642,0.0447638111651536,1
-0.007217891848157066,0.010313591073579048,0.03745245923636837,1
0.057253072804356576,0.039861902179381827,-0.011577192288368395,1
-0.028227388500577377,0.011384238561617157,-0.01708373409874879,0
0.01175181362465091,0.02319328259445554,0.025106584106761042,1
0.08571294966580875,0.03953810763167638,-0.03978741158955692,1
-0.027011892855177556,0.07288096521936512,-0.031396145112786406,0
0.00025480672238886856,-0.005372659693803471,-0.020183260781724187,0
-0.005074517520703744,0.011323812527274631,0.03710081366371652,1
-0.004204609911940358,-0.03173762136867537,0.024812108824810608,1
-0.03133251924311638,0.02017626756686155,-0.015418472288136371,0
-0.002643925556517575,0.007818818329015043,0.037556775883015606,1
0.006833730255895365,0.005344931099985454,0.04075395262772634,1
-0.027698878593177614,0.011877169284591678,-0.006849472293070824,0
-0.020193601310133258,-0.030379489634845963,0.03158706258635287,1
-0.010369757625829479,-0.030435054667210623,0.032907540098198254,1
0.0017581149306883437,-0.032818509728656374,-0.02070521260765346,0
0.00018637259949893983,-0.014845322689991568,-0.028391805520059814,0
0.023445864556268705,-0.04962158834930422,-0.021815427511087088,0
-0.022681628633093868,0.04891729298316391,-0.024844123042535846,0
-0.009688696664047997,-0.017146490660259285,0.043497426453623735,1
-0.04053445636344359,-0.007832562235756714,-0.021853022255261333,0
0.018374015584509486,-0.03693472048778485,-0.010438820052725038,0
-0.016420866725067387,0.06491862082575259,0.03255719521872327,1
0.011265385798147605,-0.0014514984570403837,-0.03830645809503024,0
0.012662599127158083,0.00722461108499174,0.020753506663584005,1
-0.01262929392345001,0.026106419222938056,-0.01896242466853891,0
-0.02104580420165946,-0.005803121268735931,-0.025690244762384316,0
-0.013127826844832291,-0.013996547060373935,0.043192403445366165,1
-0.033157212079925835,-0.020392801104222293,-0.028568816233244,0
0.0018533142046728837,0.02134747811316424,-0.03222240362867576,0
0.07690255603094741,0.03442495780767392,-0.017188747254395564,1
0.0017572312207686782,-0.014254425565119322,0.02601470166082656,1
0.002651748371798184,-0.009472132121443929,0.011377086967832717,0
0.01488735730601819,-0.034372735583829354,-0.008861509999670149,0
-0.010089844541589434,0.033297437584517184,0.04123850198524126,1
-0.01216960030003571,0.04720060443574339,0.027306892213066255,1
0.0026517483717981858,-0.009472132121443927,0.011377086967832718,0
-0.010993757906549089,0.00562421323864568,0.040858122245123245,1
0.03809040420427999,-0.0069090103789937116,0.021630446057310952,1
0.004368550900657114,-0.02136434805412432,0.028183753727303494,1
0.002306765507248367,-0.035338328299450196,-0.018908139789003638,0
-0.02101949880182889,-0.023880592923106143,-0.0051407848517701395,0
-0.03193609207757295,0.027477612597542504,-0.015538638789896678,0
-0.013383483822107974,-0.015990830402832636,0.04246367178058666,1
-0.04376699174385313,-0.008424310172595387,-0.024354326070491025,0
0.015128592611460417,-0.043451826085608394,-0.014598033196618926,0
-0.015004528437690436,0.051235039866275256,0.038561527099478556,1
0.0006656126678993481,-0.029404751882261403,-0.022087422872806524,0
-0.04253057574082275,-0.017602705224867697,-0.019808030206864915,0
0.020144156430551712,-0.017199352251298906,0.0075444966786838135,0
-0.01697824584698549,0.05682055429465889,0.03366507381433954,1
-0.030940277631067922,0.004407016585234808,-0.010078118096133275,0
0.004244647928946587,-0.01690219786721907,-0.022135976496315463,0
0.013741889834619547,0.013663711273410808,0.02054566392503584,1
0.021719219257159018,-0.048792624567826605,-0.020401384331283082,0
0.03777838280302806,-0.011228901301185906,0.00900851362111669,1
-0.03156710449713401,0.008754507254861255,-0.009010224735277527,0
0.018314887990980917,-0.038896066403930465,-0.020445404657755014,0
0.02079168872981075,-0.03838482621323405,-0.02608714774533016,0
0.013355019034274569,0.05074688664786389,-0.020308260807638975,0
-0.04079929582079473,-0.010273395118521128,-0.016223449977096557,0
-0.01593682506055863,-0.027091598423734556,0.0373671936562333,1
-0.02223485325516049,-0.022522094279278176,0.038534811015907076,1
0.0016110623052103014,-0.03245283924656109,-0.019463250387694513,0
-0.02683780532667191,0.013648008530329431,-0.008899247112900348,0
-0.013822753986667588,-0.013818828674839202,0.04879551373972507,1
-0.03934235949505498,-0.010220920453443798,-0.01807943974609242,0
-0.0013937882700522774,0.0012559969903384288,-0.015176064694519088,0
0.01343175072244545,-0.0008937770842266431,0.02361439059522067,1
-0.004706506891394329,-0.03752387761164316,-0.012242707868312976,0
-0.02044172708677601,-0.0194360977636063,-0.015410004344576695,0
0.03634408336418597,-0.00923353130209252,0.01159484159849256,1
-0.02307298451181865,-0.009999525035320256,-0.025010005491230752,0
0.057542875767054344,0.001268828304063302,0.01248167884148497,1
-0.0011732586089510276,-0.02162049713503261,0.027502517365615035,1
0.05300685129090703,0.020721401169425793,-0.004929486101292076,1
-0.01860081523406794,0.014152990935906572,-0.005242665368650784,0
0.047259777359960134,0.046769078390444974,-0.008776359173907039,1
0.04156517523686709,-0.014577847862287028,-0.03614573598428614,0
-0.00020606367749701317,-0.04572515729735553,-0.020548963525576815,0
0.02115697780559313,0.026665469729914223,-0.04019953420786118,0
0.008296010588709254,0.013124751264967104,0.028798557134476176,1
-0.03228294490026808,-0.008072976789365152,-0.014733281907853293,0
-0.0008981761250219595,0.005494330177067886,-0.027629793991998657,0
-0.017469748793456242,-0.030425732428446737,0.028816005048545076,1
-0.010386142537908385,-0.015416859977376178,0.03901471031179046,1
-0.001115262297894117,-0.027805599425336724,0.03115130145366575,1
0.0007469987763407105,-0.029524858623029365,-0.01771925417497775,0
-0.01397786033351487,-0.01697823954582235,0.04281964419918806,1
-0.03572219644447771,0.029055301613432408,-0.01922429565854286,0
-0.004128699204208813,-0.015049276030907992,0.029959957206868254,1
0.0036597534669794082,-0.013295396674033975,0.03225553178845776,1
-0.012557949107140372,-0.033028536174833034,-0.01165966001021742,0
-0.028743930299223164,0.012835414219018893,-0.011762111139192153,0
-0.00016889369950802598,0.005740769367091847,0.032344789475019585,1
-0.016824748744148126,-0.022156249144100124,0.04667860601121456,1
0.05442980699557416,-0.00202811077948066,0.013116291711015488,1
0.04446112823934517,0.05206398214987419,-0.0005774106505769712,1
0.003687617229645888,-0.021662888580886188,-0.024636707554931553,0
-0.039445130870233776,-0.005320814276952392,-0.016148034790546863,0
0.08660203591706248,0.03939376986092831,-0.04384578952201768,1
0.005894941876025003,-0.011654728377086095,0.008878737672220045,0
-0.01713179867643718,-0.029179039361670295,0.0318717574296303,1
0.015795973163872653,-0.0399497776150243,-0.003745791460903442,0
0.004124780116784364,-0.009112295912459871,0.030178581947544778,1
-0.03139396653896207,-0.012432655738841142,0.00018044002474175338,0
-0.002963465282271836,0.01732149730310861,-0.03205303688319525,0
-0.0003391194236101007,-0.02936483535637771,-0.015271003111033129,0
0.04379606882428395,0.004593242215047588,0.0004841382519095083,1
0.02014417461667579,-0.017199159325575277,0.0075447371661786925,0
-0.008224710666869394,0.014549713634048125,0.03254308448251387,1
0.01795453556842192,-0.02634352942560269,0.020210868955695047,1
-0.02162930206397121,0.0370574403920086,-0.02665248512361161,0
-0.010401635533876491,0.021996195430088183,-0.02154939866634063,0
0.04443425353501014,0.020128057247140695,0.0021497456048324426,1
-0.0011137666613761869,-0.03224560058917153,-0.02099370856896969,0
0.008876520445321927,-0.018699825776947968,0.04629654882835723,1
-0.021647488845050772,-0.028138946154334633,-0.01915489817203677,0
-0.001873437664338155,0.039670155046234654,0.03992586001133296,1
-0.020089448034786375,-0.00513981362138036,-0.020234360023049368,0
0.04829880087519102,-0.0030781980894663136,0.010368932608661426,1
0.001879765856044357,-0.022704621749813185,-0.020337991682657826,0
-0.026949721967443434,0.06874271024211351,-0.022048066580609062,0
-0.03226683260048646,-0.010318043593212811,-0.018806881340552917,0
0.024079247251541123,-0.02978067387040407,-0.01550698589039165,0
0.006521572754285953,0.01338580825173259,0.04574067600483639,1
0.004660830047139313,-0.0268457519321609,-0.025029832414187197,0
0.0034252689836751296,-0.008422942936500082,0.0451789529420596,1
0.04015872813249101,0.0004177731327874995,0.010421719772393142,1
0.012487307461156512,0.002658801989973831,0.019411883035313722,1
0.05664566407000147,0.001936893378899615,0.017181463320782773,1
0.056903035461131776,-0.0015557406021965148,-0.0022274349494124743,1
-0.002780800988925446,0.0217950715100841,0.03482044787062452,1
0.019147622722605055,0.051852657330220764,-0.04384267310430463,0
0.023014615111237403,-0.033956467556999506,-0.025731331185698515,0
-0.023919035914610927,-0.004612831085372773,-0.021149128769688434,0
0.014965279381419123,-0.0011892619475432215,0.019635996126076742,1
-0.023570237516866616,-0.03594727681862712,-0.026558664488781473,0
-0.03976123644024368,-0.012073593073373905,-0.01956072745002407,0
-0.02760491953887551,-0.0016576765902366827,0.0027380733442202917,0
-0.0059249487117964544,0.0021216583928957123,0.030014804243173036,1
0.025116434773451705,0.023710545972795528,-0.037817507712270396,0
-0.011713032349055234,0.029589027186718984,0.04162951816635967,1
-0.03464816267739237,-0.0008295176287247685,-0.002087314750454719,0
-0.03282346555401376,0.022990741301631683,-0.010489690973357342,0
-0.02737525816681103,0.024506416186706355,-0.008474099475138233,0
-0.033365466176164295,-0.02047880390300901,-0.030187478616348653,0
0.02712142025506354,-0.013547429375224072,0.0014425397392758693,0
-0.022941969959633667,-0.02002641430587133,0.043768306809779375,1
0.04159178404232321,0.0010692547838054706,-0.018696564999598077,0
-0.01703753292265671,0.04739127510207684,0.026595732605821338,1
0.006132923807753713,0.013076222704369499,0.0454356385485396,1
-0.017065986864388913,0.015999792946169218,-0.016976915215450156,0
-0.016550196328931118,0.051282046959506174,0.03359161029292761,1
-0.022788925969042542,-0.03760731607421906,-0.02592579049543232,0
-0.037182792732666704,0.01701253900376783,0.011783618191970196,0
0.023152155592042825,-0.019374122143860768,0.03205942002611798,1
-0.01060327144035767,0.02000885684829816,-0.0277127383478042,0
0.015783591023805933,0.04305613249340383,-0.03940863964381223,0
-0.0044929803956625745,-0.03826135696931082,-0.022083235558843714,0
-0.04103205745508261,-0.03255947765595415,-0.03352728147445914,0
-0.02967095705857309,0.08130829371075138,-0.038087857539545716,0
-0.007813283170839604,-0.026504557380559544,-0.03409987867878811,0
-0.013485431065803716,0.06772624281344916,0.04132847957464617,1
0.044647139154324375,0.05093019482687646,-0.0030245306010319023,1
-0.0073073497228551545,-0.001516733769975749,0.03039380267699017,1
-0.019863901964611328,0.007278708075326889,0.008915909964759092,0
-0.00919060410008312,-0.003401664811537114,0.04615946981135992,1
0.016999515498457962,-0.04709290673076761,-0.02074988110343396,0
-0.026104205110999368,0.05866780656492061,-0.032598177324261596,0
0.012365631741887814,-0.045653471548684224,-0.012832012273992686,0
-0.0101775782098617,-0.017351202710681732,0.041276363955240876,1
0.031596314342950765,-0.013732425687502617,0.017859861723359845,1
0.02296627592195649,-0.022228973521598003,-0.03031365464052266,0
0.01965956732987971,-0.038424790814559476,-0.025676309717567077,0
-0.01641681229523309,-0.026086689640101718,0.04607357891457471,1
-0.0285902778223546,0.006411404364678897,-0.006135407291459679,0
-0.007590831978231325,0.022275712022038863,0.031657684814308806,1
-0.02902073603252342,0.010465487866586305,0.01741238274252988,0
-0.0062546694326449746,-0.015023283339826297,-0.014883777197973833,0
-0.027453942550781547,0.07270076330848438,-0.023162775334645697,0
0.00037767984948200526,-0.03340544656583922,-0.020027775339554514,0
-0.021356670845466608,0.025407874468072168,-0.01441900987461936,0
-0.016662966933158652,0.005432638972846638,-0.02248371915957388,0
-0.019137345233034002,0.05934399890518549,0.029569145822387365,1
-0.00884971087449921,0.006897312540647156,0.03371533878301294,1
0.009338110912166873,0.010755773097775815,0.026731631581324116,1
-0.026848430371579995,0.059378614002336585,-0.03078179378907925,0
-0.03356031597011505,0.011981955870631063,0.017232259131337038,0
-0.04278874381465788,-0.006393791598380313,-0.0229109393862623,0
-0.037719762064565045,-0.010831754271482738,-0.005957794198334421,0
-0.013724983282013336,-0.0401744795278598,-0.008267717113204814,0
-0.00805861875167567,-0.021212296282261345,-0.032682616922927676,0
-0.0017882183149299294,-0.01489326340162107,0.04157665978699731,1
0.04304400046815549,0.003689247426569793,0.016925458521910002,1
-0.009681254695974174,-0.006758056222457745,0.030536672270095058,1
-0.017591572437891775,0.022636345540836343,-0.026583846453790916,0
-0.029092245925193307,-0.02651713866093463,-0.015854789272461558,0
-0.04050641310396698,-0.020052371868983523,-0.01442412180545874,0
0.008160234772142403,0.00550624576219279,0.030557075083096588,1
-0.0005175031812730173,0.025724280751913468,0.03798521631051854,1
-0.005932383437150754,-0.014637789273183925,0.04007361708024381,1
0.035530099174570555,-0.010791260805400608,0.024525256278718023,1
-0.022572732431720394,-0.015625476131660952,-0.016600038537699077,0
-0.031898575589638545,-0.0047597547802758974,-0.008564043441310051,0
0.05326839072476162,0.0051735407698900795,0.006345371067236753,1
-0.03967993744905187,-0.011116433259772393,-0.01609543434486699,0
-0.0011790798368679187,-0.011661730162166362,-0.02365519312758414,0
-0.022490950364183603,0.00038939664458917736,-0.028394669160067824,0
0.009086530874763014,0.023806574641772126,0.03039743481284944,1
-0.01605550777924763,0.00885547787779685,-0.020414248574639016,0
-0.020858839909202072,-0.0018831729815360805,-0.018137562614459424,0
0.05868842856826635,-0.0021450353198394917,-0.0037217223367673608,1
0.011990324927760384,-0.002575988363296467,-0.035037853479058446,0
-0.016004033113555017,0.010174052475006011,-0.017686112485860845,0
-0.014152932092483347,-0.0082144021951573,0.006036171252341741,0
-0.013047599142384632,-0.017087813461822428,0.04390563962002121,1
-0.03354867388468333,0.008849035104754308,0.014632014813621062,0
0.03547034107818561,-0.001324535127687633,-0.038477711555012145,0
-0.012790383836508781,-0.015991097485571093,0.04799852943811493,1
0.045339251352253945,-0.004147414137433261,0.012719720047621744,1
-0.032530297383578495,0.051945195230121505,-0.018698128720168152,0
0.084451834412308,0.0454304957529055,-0.03173092433276237,1
-0.023841819721643818,-0.004851048728398106,-0.02405995728569655,0
-0.010915963247658332,0.02007342963397828,-0.019781360544016354,0
0.00533961821646417,-0.03198543166429802,-0.028635195024248945,0
-0.006968564569525623,0.02766531826961363,0.041211516736624924,1
-0.0011383269817063567,0.02762169156525184,0.03908610969683985,1
-0.027616496894903534,0.0030381282982848527,0.006462531769886931,0
0.048322128267813874,0.03519417875254413,-0.009639304728610666,1
0.006471081538946639,-0.00528764826590933,-0.0025477146390083735,0
-0.00824794875951037,-0.02010366577137046,-0.019871763682602697,0
0.00347414473281464,-0.00947897797860727,0.03398102909663087,1
-0.018393971764233887,-0.0043604090562007446,-0.01998485577551068,0
-0.02185014977355789,-0.00832795457472426,-0.026765562517633894,0
-0.01892029706710276,-0.026200644769837734,0.04312880464299856,1
-0.03397095019348435,-0.010239214726627276,-0.006966558705512722,0
-0.012920027980756397,-0.01455465649525231,0.03838128519220298,1
0.04835938926860228,0.031488719540078945,-0.01348250486636891,1
0.022269274249187544,-0.03439622576059645,-0.0208753355902706,0
-0.003912220792198853,-0.019021569182497304,0.0275517553850217,1
-0.016537546936936577,-0.0020426083575981226,-0.02307406957787353,0
-0.028754143247339707,0.023165292886583123,-0.019268759350871294,0
-0.03998264723654109,-0.012377509150298907,-0.01685369124484356,0
0.0017781850873845846,-0.003212550644238571,-0.02320004818211218,0
-0.0035737767637912064,0.034597044740765644,0.040145834465958395,1
-0.03903806123485942,-0.010493355124222642,-0.016841686414357883,0
-0.014309893283645549,0.018898097294967452,-0.004958123873732116,0
0.00319506899995888,-0.025712636877105646,-0.015842794846512548,0
0.010701155448904983,-0.02529029475554045,0.036500289527791024,1
0.0026518045267221735,-0.009472871991229006,0.01137733595890881,0
0.03647204330942592,-0.004253481221265391,-0.0438656240189978,0
-0.034356423356313365,0.027998961842028183,-0.016172651691380248,0
-0.038192956383624854,-0.011956961946773308,-0.015401328092924459,0
-0.043580553893532874,-0.014116771961754204,-0.019613874922696624,0
-0.0002512027029250058,-0.024980411241791057,0.03704461368526597,1
0.05467584767688959,0.00047187794785351345,-0.002460318317940975,1
-0.009253335315455469,-0.016974191843499284,-0.029360813683459303,0
0.04293403836040306,0.006570844810893241,0.007959446980218294,1
-0.024102820985049685,0.027500895264287693,0.018625288552953333,0
-0.02403377115495001,-0.014392218941470882,-0.024367839381175767,0
-0.02238790220582948,0.0014047330207514544,-0.009662784628035742,0
0.009164291386192638,0.014827305438028756,-0.03711989645161248,0
-0.002627521734234161,-0.007515602420691745,-0.02407626714661203,0
-0.030224612971457475,0.04591405371403017,0.012083343939188817,0
0.04424495272245426,0.002754006217535604,-0.00010966814726160075,1
0.002970308786521334,-0.023244345872701497,-0.028255115610157717,0
0.05504093568715617,0.0007588960148495749,0.018809777215896262,1
0.00731920433061759,0.0033698726342508614,0.03852880793483315,1
0.0046747993367282255,-0.019090302378789566,0.019453261635519484,1
0.03183878234267696,-0.023751893485228236,-0.035682542374856914,0
0.005894941876025007,-0.011654728377086091,0.008878737672220055,0
0.07238977078231561,0.009594339597648882,-0.008042688166227309,1
-0.00962791390046279,-0.006387996721199402,0.042952906561903946,1
0.04927593662140961,-0.002982441855080238,0.007369935468831246,1
-0.009321598023981772,0.022154034270551057,0.03460593499914072,1
0.014830197140905166,-0.040665766433492595,-0.016690234450789973,0
-0.007426611070235272,-0.014334722067693744,-0.014173401838578015,0
-0.017835892924142983,0.054708056151628395,0.032422105346008694,1
-0.008533311449919334,-0.0071249841962421605,-0.01621946258801442,0
-0.027231722932992836,0.029898261083584815,-0.013346327811343746,0
0.07349430462052693,0.01800304956262555,0.000786978819508048,1
-0.023360217974383365,0.0020116359478724206,0.002861384923849155,0
-0.04319527773548552,-0.00990789058816554,-0.024314478738358774,0
-0.031529294716240754,0.02720159819662894,-0.012588123794195591,0
0.03479769129222426,-0.004458408053895843,0.019031161839747644,1
-0.038777969042108576,-0.013743867085420122,-0.013931717385116293,0
-0.02332237245152018,-0.031573019988145545,0.033378762383848834,1
-0.02482917462169494,0.06577711147180523,-0.03586997715876601,0
-0.02221193001092775,-0.038981084680816236,-0.025695215717122685,0
-0.001454625380852865,-0.03237470636069332,-0.02098476337324029,0
-0.01993374569568029,-0.029296503123337363,0.03790374782089728,1
-0.029779881210242436,0.010321357490253123,-0.009525477631699579,0
0.01784539728641559,-0.03656215131225752,-0.007824743310237452,0
0.012637090223960196,0.015509282610444212,0.027396408382496167,1
0.004957262667031982,-0.015090151560230684,0.03499515862784716,1
-0.019198993130576998,-0.026091365572248393,0.04332438157168481,1
0.035437054076632765,0.000291612650653153,0.012848182572390045,1
-0.0065418546341413294,0.01002237204417014,-0.024053500368375724,0
0.029859294430597025,-0.010827576056109331,0.01221522977511202,1
0.052982693676589365,-0.00872782973521298,0.009794960555068614,1
-0.015996869285455503,0.004330832427295723,-0.024665220467310876,0
0.016528656609822796,0.018625760381155543,0.015697492786617133,1
0.023406382829877625,-0.033403146005589676,-0.022934395435977733,0
0.013211813861079332,0.0017895364931922036,0.040701191086799,1
0.0188443660624555,-0.04228447269504313,-0.028703570739578438,0
-0.02492191842128704,-0.0389341107748641,-0.02441932059273575,0
0.0012684659192739023,-0.020098727068255686,-0.02656852373284092,0
-0.009291723132371489,-0.004234301107314015,0.048166389056863074,1
-0.042466873054697776,-0.027604340085448195,-0.025316171204765894,0
0.07299652502208093,0.018099730856408536,-0.0005617832398550557,1
0.08160033195418905,0.04572466318897768,-0.027774249454052907,1
-0.009744200585433616,-0.00020317440687953742,0.03535319773621516,1
-0.01750616464130815,-0.026493378244528694,0.04042974779373821,1
0.013065211117245245,0.015473882334936519,-0.03962277348304468,0
-0.035644833179691554,0.0020235730019245723,-0.011974111632418913,0
0.04960001424883355,0.04924646601691053,-0.009687078846785064,1
-0.026403167711415085,0.07508674535418929,-0.026466834062576963,0
-0.01284528275143824,-0.014592549525818038,0.049442496213991716,1
-0.004230887346009609,-0.004768767658766462,-0.028279803673482214,0
-0.030813911572767916,0.013994552765350284,-0.004198327434337963,0
-0.008566654709723445,-0.009266257797865093,-0.012786723825884722,0
-0.03935640843998406,-0.010558867052986122,-0.01910624277545918,0
-0.03408807975320502,-0.005293770547091979,-0.00904010986925654,0
0.016348254000658702,-0.04130165886050831,-0.014100266607058026,0
0.037191005059897156,-0.00513266773250215,0.014932661161727138,1
0.00428434035247726,-0.014302339914388371,0.03529666285946166,1
-0.036649348433918066,-0.018934993239191678,-0.008133445635874696,0
0.011216711546783395,-0.020839001264776384,0.04144619493870355,1
-0.02958400457843527,-0.020590935751967215,-0.030217127175495795,0
-0.00900297911161779,0.01305840824956122,-0.025555330679277632,0
0.005326423527239969,0.0029216568101615064,0.03086530614841419,1
0.01098141638623217,0.014104329343204079,-0.040295216389642,0
-0.009693593549791865,-0.035853128548749245,0.02589907981570448,1
-0.03988691369255096,-0.011776278053518267,-0.021189843055053698,0
0.00550305032858184,-0.02543092497586656,0.038551293937012315,1
0.007907351834484207,-0.0022537485756192587,0.023067572121635453,1
0.0010338054330690802,0.0012608741993705927,0.038155138626043465,1
0.038741323469968114,-0.017231925918160126,-0.036826933868767515,0
0.05159231820670807,-0.007303773840957553,0.013851459534868604,1
-0.02270240187995479,0.016504218630929116,-0.01587940560080266,0
0.036643900038881086,-0.0035706893048789504,0.01771746825442047,1
-0.019489377264310576,-0.030735452398860278,0.039085433419410044,1
-0.034756218903136904,0.02862984771512131,0.014822174377100315,0
-0.02454597274787941,0.009354418477026057,-0.01621224101339409,0
-0.005813910511297199,-0.022679872364518353,-0.027017288823395658,0
-0.04108762540013679,-0.02450797844250608,-0.028234589004746926,0
-0.017514230033722867,-0.02214006583172508,0.04531872095474597,1
-0.04290946538922329,-0.004844876846120172,-0.01617551990653135,0
-0.008021403623461976,-0.008552853242861721,-0.015002770251579374,0
0.05090115245945841,0.0017336841068108719,0.0018526040417724647,1
0.07990807947516405,0.03722010272728109,-0.01957495377936006,1
0.05805470024750049,0.03628711503482418,-0.01805268352652492,1
-0.006195206466531232,-0.03083827633353354,0.03344168815864579,1
-0.03122664777840708,-0.017768031713764613,-0.02801789165760634,0
-0.007025980483826771,-0.01453841623304198,-0.010377749725468843,0
-0.00719412388927763,0.01280061436888363,-0.02645334901044872,0
0.018420360173988987,-0.04632579152897819,-0.02134366067250469,0
-0.03966562864071198,-0.02068044373412036,-0.030164245836449374,0
0.039951940347216754,-0.010296409552354828,0.012726966748164753,1
-0.007807658206748971,8.828632361273896e-05,0.029141051178069782,1
-0.021300822121360335,0.055751290651907814,-0.028508662767012707,0
-0.03342201413274142,-0.010837483146839882,-0.014974501773509917,0
0.003985942942079256,-0.016332630063262604,0.02611669151968381,1
0.013730211363702869,0.00036323789109216423,-0.03590677953598278,0
-0.019950376448881244,0.005000506585739016,-0.021344313896267203,0
-0.023941247660077446,-0.007824512793108595,-0.022111930340866233,0
-0.003227067965591236,0.039708523080563676,0.040788463769114144,1
0.010296307248913242,-0.02042154564257423,0.04208638591801052,1
0.025017957285127054,-0.03609940686632812,-0.03012789907074826,0
-0.03963750260116841,0.0030475677558080005,-0.015227094235412585,0
0.012012909077102538,-0.04563174841350797,-0.015784590194874364,0
0.04349869638191632,-0.010458120628700232,0.007392818726581126,1
-0.02250161566305986,0.07300109558688811,0.0337143951591851,1
0.013617016787296574,0.00017071780249921543,0.021335221421469253,1
0.0456220721847889,0.035618371930442996,-0.008348466231048748,1
-0.030045794297842904,0.08489280340722945,-0.04338805613557575,0
-0.019411053356538546,-0.03137508981331411,0.04096980865558876,1
-0.009856892802790073,0.0014772752415598781,0.04935779938707295,1
-0.026398766460150085,-0.012811466193060585,-0.024036118172240075,0
-0.023363228794939774,-0.0006734003090082506,-0.023701239832587984,0
-0.034189845869390494,0.06907302907717039,-0.018531494352631156,0
0.03611429689411339,0.006528275870608953,0.01801281453840849,1
0.009929977629472895,0.005759253068057843,0.028212473957337426,1
-0.020618279186382614,-0.03967997539894556,-0.025088256039482285,0
-0.006289322886488955,-0.021266232330115892,-0.02408317631092265,0
0.04131526740066318,0.0003024996890644144,0.014800805944728969,1
-0.010127605063176741,-0.00024312746078976322,0.03829712282179957,1
0.024774606905193307,-0.013661541622259672,-0.006904238893057501,0
-0.026645611989200894,0.05781539416503695,-0.027103163787968416,0
-0.018943807572476976,0.06328768118820274,0.03222389439143504,1
0.0023950173929206476,-0.032502782011759664,-0.025306832254527234,0
0.0015386701770745536,-0.02003847375168399,-0.02712565112858234,0
0.016325941435286734,-0.023866480885110126,-0.004363683749006201,0
0.00020550136068856373,-0.01545767001097704,-0.009622742479603059,0
0.024774606905193296,-0.013661541622259674,-0.006904238893057531,0
-0.039287423046821486,0.003371032679572096,-0.015729916332258908,0
0.0012566275275080383,0.0048222691434998705,0.031023006155722066,1
0.012068367250497609,0.015756470572350127,0.03035881099766804,1
-0.006011791779300984,0.02650333837503592,0.04618743981254783,1
-0.018058474791977377,0.00803592564541415,-0.026102113964571495,0
0.015037216728038452,-0.005945864205134235,0.03153911448493257,1
0.005354983029464671,0.00841557083215486,0.04280700467657907,1
0.0467354236661069,0.035080846498317754,-0.008613795029494742,1
0.03564256843583605,-0.006285676863901267,0.017474160765502702,1
0.02712139600689812,-0.013547686609522127,0.0014422190892826592,0
0.08258113656615101,0.040331410294674866,-0.03505276535763342,1
-0.02934219665913912,-0.029251801886530267,-0.0191361012073431,0
0.0007818000111181889,-0.02179223514946041,0.026179720875981874,1
0.0036253223775105665,-0.009484664931029868,0.030078398013877843,1
-0.006535365433692103,-0.018496325612064407,-0.025934929344136368,0
0.032728937170154085,0.007306075185538427,0.004951606668093284,1
-0.013028870225756311,0.06227489172208456,0.04042064137364301,1
-0.020075828472422657,-0.02950043814401553,0.0360496534094166,1
-0.0377577919726164,0.005731030045191526,-0.01504261679205038,0
0.0018822844585904706,-0.01731684825564287,0.026315664730341016,1
-0.018087132099147175,-0.012557589577578472,-0.0002492992064132317,0
-0.02180036216684883,0.00540697966857027,-0.031199113945975764,0
-0.030901643236070295,0.01207527982045803,-0.007580533329178352,0
0.023777446820769033,-0.04791029379570989,-0.018791595605196207,0
-0.016900312439703975,-0.02361351898792165,0.03839101231421662,1
-0.020999368771565007,0.036317061365561995,-0.026498640184677492,0
0.05298709664900517,0.009195755784098328,0.007888589320019807,1
-0.028519828811194158,0.022115488309624485,-0.01715868729889056,0
0.0202311915261015,-0.025050762339526883,0.026237842020425544,1
0.027752418214294555,-0.02395952846662138,-0.036138338331050325,0
-0.01577392401435096,-0.00394254199422487,-0.026941534050996595,0
-0.0037486108699609066,-0.018919824270852342,-0.031777303058271485,0
0.020144156430551705,-0.017199352251298924,0.007544496678683815,0
-0.04401906076971704,-0.017595749014958084,-0.028796525644275185,0
-0.024715194500961643,0.0684494989223905,-0.03014061015507391,0
-0.020300024426425953,-0.0025664581034993486,-0.01688931531435919,0
0.06843734617479573,0.010788820144546782,-0.00313724732762846,1
0.05278067912143336,0.02662889810899824,0.0019264920533790877,1
0.01375515336225509,0.0014633029760755378,0.03917876533622159,1
-0.01412404400194753,0.023183230531673704,-0.012355991673908842,0
-0.01891966184317509,0.06340943092303633,0.029441656526090376,1
0.02193435897801651,0.026196916519911708,-0.03912795875004842,0
-0.0047844966247330475,-0.03096550154663986,-0.015360871258521775,0
0.0009735819952673293,-0.013350745188795629,0.025780052595028004,1
0.014238420212867704,-0.04479848602752453,-0.01470728506521387,0
-0.011560406901247718,0.02722157565682948,0.036658682546494806,1
-0.006916521434102239,-0.017479974345886336,-0.012854327895479231,0
-0.023974628470220402,0.013905351124414834,-0.027312790473062648,0
0.012999688305412253,-0.0007458989373484489,0.019500347009235617,1
0.0095002274403472,0.022350645577919742,0.024599717597775954,1
0.01555739757753316,-0.0428113503705292,-0.016152589725116333,0
-0.027750609276426905,-0.014274891965841165,-0.02418008623973675,0
0.04145919970550899,-0.013109554621355917,-0.03348576003802203,0
0.031659746997445753,0.013822682565805891,0.012789097749613983,1
0.002767754138795533,0.019170418128544225,-0.03271073916378055,0
0.015249892017492515,-0.041025094881015814,-0.013025472703751428,0
-0.007808073811945019,0.02656745610831799,0.038624965128537296,1
-0.0241511217900641,-0.02248397403190213,0.04142947482778002,1
-0.020700535549453232,-0.03598019785404875,0.02998630286346519,1
0.02477460690519331,-0.0136615416222597,-0.0069042388930574995,0
0.0017139842423343665,-0.011382040350393282,0.045491777933995524,1
-0.019565349124837976,-0.03375387652650326,0.03767311661800071,1
-0.033048893569510816,0.05690461450595878,-0.020625186912895267,0
-0.006637798904374246,-0.008915213636573785,-0.0043496198545678495,0
-0.020809694923530863,-0.0009135199785970868,-0.02758747926224484,0
0.023694961313737987,-0.03248178806040658,-0.02278964389876704,0
0.03322953327360594,0.011819480836614452,0.008013657130873916,1
0.011282250090800292,0.007785492987745078,0.028474083517517384,1
0.013123137577860417,0.00021654467381591533,0.026167096057830887,1
-0.007206828288523304,0.008112042077172522,-0.02792698119162613,0
0.049754410527147824,0.0021052269723919464,-0.003925826680842676,1
0.0026517483717981866,-0.00947213212144391,0.011377086967832711,0
0.019291815093936664,-0.04301210405994485,-0.015886787418650527,0
-0.007131902695925674,-0.014463694996392095,-0.014066572911821493,0
0.005709912223638502,-6.594487203995768e-05,0.02640918792771303,1
-0.030185093746031268,0.007561719749731258,-0.006959503621591784,0
0.04224279688423202,-0.009431031569749136,-0.025648558070504514,0
0.01275631784826553,0.013395595801684448,0.024078149591296415,1
-0.014242177315059178,-0.013527727215460417,0.04767361480261964,1
-0.004552905485904346,-0.026495880645073334,0.03500015349678043,1
-0.011123828446181247,0.0651114325873437,0.03745928800690515,1
-0.009644045374099904,-0.024910583653205986,0.043843143820697594,1
0.022767415073262326,0.024669873301276925,-0.0448678843369817,0
-0.023181257142189368,-0.025735339822098854,0.04199137278978253,1
0.001254044834221698,0.017490839163943818,-0.038785503198034754,0
0.02636267451730428,-0.009404081807668541,-0.017001271783888328,0
-0.01277001027291749,0.02179905381936725,-0.021540758919456,0
-0.010413643826488463,0.023058135362512628,0.03214773585857837,1
-0.004609995349024891,-0.042201980757080246,-0.027104138038724412,0
0.0021151602387747765,-0.024862239090197844,-0.022705127701695603,0
0.013170929011920268,0.017084016535723195,-0.03816446793747819,0
0.005049864777711728,-0.025446777827710695,0.036997700065747235,1
-0.013420725748021485,0.028401624247177057,-0.023669039340870383,0
-0.0013876034966789346,0.03754848162510492,0.03902718678894136,1
-0.0010641438209741203,0.01910533271151956,0.033067560113754765,1
-0.018771758770664247,0.02836857491221574,-0.008017358794274603,0
0.05449649671799966,0.01262309185074012,0.005375254979506014,1
0.016232767362266313,-0.04085469508618093,-0.015606603150145434,0
0.013136486551585759,0.016519682442218315,0.027789369770495072,1
-0.0005330634038524977,0.0011908966161702978,0.04073052715455165,1
-0.00439777404440605,-0.006088285401846172,0.0368655541767315,1
0.012260316554584913,-0.002413554577674514,0.03678940655935534,1
-0.014917602100292679,-0.03581087642281745,-0.021086420826228188,0
0.035561716828843515,-0.009463770770397898,0.01409417607108096,1
0.05822738948558559,0.03991447701406097,-0.01526540618060716,1
0.015322507740537306,-0.0018081909989182965,0.036254134553649627,1
0.04499572573773227,0.05040720862367968,-0.0016764908089497155,1
-0.01374449792807591,0.04494025335826182,0.02888462098539193,1
0.0002888360406271334,-0.04532110346493407,-0.019187447846885707,0
0.008916270943258585,0.008522771792773125,0.032318050110227065,1
-0.026500807256054287,0.02985519345834734,-0.008955043993314808,0
-0.00973557071883979,0.00272557912214561,0.03748490779133514,1
-0.00916921675519402,-0.0008516364966493304,0.04730440407288747,1
0.024614522764118928,-0.037088243457710605,-0.016852751870441208,0
-0.024077777009484238,0.020887008207784268,-0.029729053594291004,0
-0.01653037891700354,-0.03019432796506922,0.03212693089684767,1
-0.02014028923889993,-0.006774168621306156,-0.013404362171495002,0
-0.02839398125534256,0.07217685451690756,-0.03781512938949433,0
0.014650898916074254,-0.03517201720046994,-0.008563009299975092,0
-0.03516173746990589,-0.0049217046601455205,-0.006141731062167472,0
-0.010833331554976343,-0.012959824703733476,0.047104827122756446,1
-0.00885301896012133,0.013980785784802009,0.028907239802406018,1
-0.018446337595956055,-0.010638320586853753,-0.020460660847876767,0
0.00910851286541952,-0.015669282093836865,0.019087940417802332,1
0.04383862598614237,0.05034824177891956,-0.005503106469796103,1
-0.02869067028585831,0.019178120691492596,-0.01156656569103108,0
-0.012879005450605264,-0.0402770724314321,-0.020699500867170813,0
0.0003014479898198561,-0.015464782920846624,0.026921443514914385,1
0.03750995973614672,-0.004348542848771557,0.01891639222950557,1
0.03419210997488334,0.013636586187827288,0.006545029393465891,1
-0.01163578644406258,0.05781459740859127,0.03262119547964908,1
-0.024936864662371157,-0.011496284234008829,-0.024666873090751665,0
-0.024102820985049688,0.0275008952642877,0.018625288552953333,0
0.035883399158819475,0.008030600361185705,0.019999107556974493,1
-0.024032987659971257,0.006404183389039465,-0.015524075207345826,0
-0.03061522879350086,-0.01624662378967559,-0.027665635392031415,0
-0.02282920141082679,-0.01994057819238377,-0.016205386825494997,0
0.003027264181658931,-0.04267584494543252,-0.009314259732243488,0
-0.010422998320637103,-0.019559490072110466,0.0381919226479654,1
-0.01672916911804239,-0.023140503083950627,0.03929707491175919,1
-0.0005772799892519269,-0.030898399590386698,-0.01888759807992762,0
-0.017008862069576185,0.0683907519491719,0.03300600883168013,1
-0.020431155578316814,0.02422407253131595,-0.029503757770364868,0
0.01488451223197095,0.002037181806507091,0.01435588583155187,1
0.0010050261578075992,-0.02948482392582169,-0.019851088268097124,0
-0.0188064247858105,0.010925756379205807,-0.0273402480126028,0
0.03612805869300991,-0.009168032466985797,0.0125866260734262,1
-0.023226791347974896,0.07486832498633628,0.03325703017310056,1
-0.0038338760061720854,-0.007552952555618106,-0.01705649580233872,0
-0.02757926102069741,0.06543043005333814,-0.026544328191909612,0
0.02380365387839425,-0.036817879439110426,-0.015313515298759779,0
0.03942573556109063,-0.00704561556880029,0.018875093716617147,1
-0.01262389210931538,-0.03828655678373978,-0.020078819248228512,0
0.018775097876803138,-0.03689649590268603,-0.023021252771622557,0
-0.024411412405536882,0.010230120596044907,-0.027613360806867684,0
-0.02361791772868431,0.06869708531376016,0.03537485702292501,1
-0.016698282061584205,0.004945921988171956,-0.02019248893479154,0
0.011062089958865004,0.01718365141353701,0.03397749353815472,1
-0.022938728667734082,0.011056968429720131,-0.024163429504145302,0
0.012244122542840581,0.00014644893401001037,-0.03327520838678727,0
0.03295769460108409,0.014612657311003384,0.007837747067827389,1
0.016527955554568183,0.012985989689145806,-0.04212859880550039,0
-0.02142257932735647,0.05067980134085034,-0.019721111307079695,0
-0.03449244834360645,0.017000000439406474,0.021073439657181225,0
0.0035921210835795575,-0.01008721046380686,0.03364472877796961,1
0.010715243715509953,0.004031750836853188,-0.03249201734642409,0
0.046175040659116026,0.03718232342535969,-0.005308116158408274,1
0.011151400607771537,-0.017284230305318688,0.04577037213792861,1
0.05760376019277125,0.001055071078910584,0.014264354260781055,1
-0.033362536321866726,0.025355861946188184,-0.012737738936096851,0
0.03587667386215301,0.007787194925243157,0.016718967801065552,1
-0.0347562189031369,0.02862984771512131,0.014822174377100318,0
-0.012051465034363237,0.019437407993640805,-0.025661218830161647,0
-0.030507291201684866,-0.01679918265167999,-0.027043922357900346,0
-0.036015329644109965,-0.005141492981311592,-0.016568628404507527,0
0.02438083183594891,-0.024422790423226776,-0.03137038258038522,0
0.012644339197298002,0.019048728890683556,0.030291860031779298,1
-0.008769809508885031,-0.002423569082848194,0.044410372533815,1
0.03861491682989855,-0.006124007385759994,0.022499722851123477,1
0.002301884407843318,-0.006566576650064028,0.048721902991247686,1
-0.033022305801585806,0.02292199131109898,-0.01517469595344862,0
0.002158840823093808,-0.012559914517486608,0.02898348146790375,1
0.01742749408208584,-0.040926666565573595,-0.014545936187684159,0
0.05125065738417782,0.026463012744057414,0.004514532668128662,1
-0.01478524733116282,0.000748301397001919,-0.028664671802029012,0
-0.013730831138766816,0.017213576074806003,-0.018943502752218566,0
-0.00897156665765354,-0.0174498166944403,-0.018988945893371183,0
-0.005363310146322084,-0.031685171535224856,0.029033670612593345,1
0.010317441374295166,0.0005268250929088732,-0.03386131913049312,0
0.022814911224412766,-0.03438201530165042,-0.02508349108687826,0
-0.023430019093289484,0.06357771531067088,0.030591539847089375,1
-0.006559777705831527,0.012438561126402538,0.03804330702042201,1
-0.002234715070985295,-0.027133627755108112,0.03520868556406673,1
-0.01790331770589743,-0.0037072859079535746,-0.025077712500586116,0
-0.010221908449821814,0.0034471238673557877,0.04738275398880869,1
-0.02304981326620064,0.014875739596067248,-0.023014024521628505,0
0.02629424427285071,-0.020483857951839227,-0.021040984631492766,0
0.023654183966100324,-0.04491713274872542,-0.015425298822900044,0
-0.012136762926264883,-0.013546654677565627,0.03949192580168347,1
-0.0071030035556650765,0.02758975064239774,0.03603285985846821,1
-0.0071669626717952035,0.01788847079900183,-0.016655212018717204,0
0.052551522009003246,0.03579154733732154,-0.019373841953508466,1
0.0047258682807003564,-0.025931390115159048,-0.028855878701866483,0
0.00945126045307303,0.007395187424339608,0.03282169336625357,1
0.01650145693542237,0.01735133274708879,-0.040236549617927324,0
0.07417079331934909,0.01970075326472144,-0.0009215753305862884,1
-0.005774168209771821,-0.03398013977113173,-0.02439351424761854,0
0.03586437519752681,0.013543760047618932,-0.022949020708246982,0
-0.015497221741731355,0.048656031707723466,0.035504194376471045,1
-0.04207656077681155,-0.008258120858590894,-0.023352577150210538,0
-0.028568887846542566,0.028167521840694904,-0.021411207524114084,0
-0.00934849838599889,-0.02530448555610946,0.04262313775782695,1
-0.008638298273985956,-0.006309149842266701,0.030231132292562236,1
0.030259384497182074,-0.015477174470168963,0.019212874565842013,1
-0.022474637489821682,-0.038876247832862545,-0.016543629619269813,0
-0.011468334300711067,0.017295351231066357,-0.022030201253077555,0
0.03458603666306752,-0.010084622298232274,0.024722199779506994,1
0.0009805334704438527,-0.007939660689069018,0.04928844175839504,1
-0.012617893580520989,0.025902479257428355,-0.011233893251262898,0
0.05281904472552999,0.02396342216242512,0.0013423181572902194,1
0.0014257978722463094,-0.010345374826434233,0.030015949633534576,1
0.013309940697888756,0.010906159985842793,0.0225684981554478,1
-0.008381992487907325,0.019660662023426156,0.03293362826777291,1
0.0012903755863322187,-0.04626009480111802,-0.019685432260577323,0
0.012508155701872841,0.04111464501952185,-0.034935937850429595,0
-0.0074992071422586085,0.01126920592902729,0.03521849322284659,1
0.019291710645215416,-0.041073257451050366,-0.012877208156847193,0
0.020082754014745692,-0.03994822082401854,-0.026847592693040823,0
-0.042141965553308736,-0.006998108986968565,-0.019931074388259664,0
-0.012997296304884578,-0.016929458532115284,0.04227239452304439,1
-0.019953178450592697,0.030568275642630614,-0.021564550604328814,0
0.04111864860176996,-0.016187635299419096,-0.03232234743955004,0
0.045547130637614855,0.016392530687306665,-0.0013505005724326197,1
1.4063692626401468e-05,0.0015262085665599895,0.04044916039102892,1
-0.0009994358873546842,0.028269163833906305,0.036888918903499456,1
0.05225478291217127,0.002429954910417531,0.0002532208556238289,1
-0.025296175128375654,0.06693733899945567,-0.0275795261631537,0
-0.024363438111677068,0.0443571096076752,-0.016609222415259847,0
-0.0005137699862855253,0.026851183402546414,0.03601850574088902,1
-0.033217324598162914,-0.014798416225821336,-0.02158664397320427,0
0.029903783676028695,-0.008890180064248597,0.01474790800771912,1
0.013809342836138123,0.04202674304081077,-0.03362688995687656,0
-0.0348469761959248,-0.009082253008143255,-0.005857940083055679,0
0.0026161861152516584,0.021892675311915695,-0.030069132016415256,0
0.013492019016021765,0.041276339088589235,-0.03380952385654569,0
-0.018973244339931854,0.008840577267787631,-0.02724520350976871,0
0.004116896468808551,0.016938693872800056,-0.03326827170204216,0
-0.019818920859583478,-0.03315498072472918,0.03403161902830667,1
0.034098464587252804,-0.015554151722791138,0.0154294011714643,1
-0.004319671869140496,-0.018696620577246297,-0.028947828350764922,0
0.04322391388810148,0.0026372621621151837,0.01700967026961651,1
-0.01726472506167073,-0.007332847162781351,-0.02526996215584034,0
-0.012010441572862646,-0.04054593185513987,-0.022848147978256676,0
-0.032702823739072136,-0.009667739506389161,-0.01572455246457514,0
0.0151247370413435,0.010087521473169634,0.021385749574403264,1
0.0857800581411845,0.03992432716268758,-0.038698918857121914,1
-0.024630378096297895,0.06769725711879354,-0.033148713585567105,0
-0.006034210898053517,-0.02702438348863022,-0.02540727863831803,0
-0.018125222930940654,0.005374452570713529,-0.018401705750783162,0
0.003799028348869897,-0.018381053623514707,0.021940382364146062,1
-0.0073385208294130515,-0.0053893161829508,-0.0031044170297310422,0
-0.018104516487343264,0.049465352843247656,0.030133394569326427,1
0.04321866424220637,-0.013213975085390978,0.0052111682780777765,1
-0.00833945553825351,0.02406445841486685,0.03656580764784777,1
0.0055059397218071475,0.018530130506615297,-0.037280338643617586,0
0.01639076570004197,0.0016634804157800512,-0.03528902959405189,0
-0.018485671709166693,-0.0012093817513777992,-0.014938353281442773,0
0.05408088816936103,0.003756372915994788,0.00044516501348143556,1
0.05754173424101439,0.0031792024263460963,0.01720423059933048,1
-0.03798588839100675,5.4241640078847575e-05,-0.01250647048039397,0
0.08513189841661961,0.04146454582763985,-0.03935475520904204,1
0.049442669624842235,0.031759827377306135,-0.014104253937874144,1
-0.007501344114973996,-0.03546370176281763,-0.024539539553042923,0
-2.0561071833910668e-05,0.0015113041817742267,0.04078341722528203,1
0.020052295588529143,-0.03860315501754237,-0.022983986312074513,0
-0.03302151631546855,-0.01280922207009963,-0.01390232976854654,0
0.016554963907210465,0.027247959095367508,-0.022712390310155914,0
0.036944681142178915,-0.014398259292869885,-0.035355899216069644,0
0.02142583267710297,-0.03501860267426338,-0.024323004050838877,0
0.004511786445698589,-0.012772463901859704,0.02759975491157495,1
-0.022300111617917746,0.016769131655029523,-0.02599348202590769,0
-0.0034608943062216686,0.001391900295867162,0.029088859354751997,1
0.03244789666983611,-0.011413895591421343,0.019113608622568133,1
0.0012211383354313902,0.017694318988505164,0.03406937596357293,1
-0.0070267621065644315,-0.036053773741391834,-0.02197639861077849,0
0.01857584407563647,0.046228824567702206,-0.037536160787557026,0
-0.012892366958026084,-0.018787232417330636,0.046017597873301064,1
0.0026350984294671092,-0.046776013787165636,-0.018725288773231583,0
-0.010029230396175117,-0.032727866393078994,0.033995324709945235,1
-0.008935704962922921,-0.018749975248936054,-0.030600280131185424,0
-0.01372194159686834,-0.01744262600418771,0.04352270931866288,1
0.009166827845962249,0.002754362054680085,-0.036046427655171034,0
-0.012637744958955054,0.06021253295618391,0.03650720764990485,1
0.014724684253524994,0.04506592799855644,-0.03724009402815359,0
-0.02528301098188867,0.06478608755124338,-0.033382590020223146,0
0.02712142025506354,-0.013547429375224112,0.0014425397392758901,0
-0.014600944567143677,0.018964316529236754,-0.02694804959525082,0
0.01518713491329484,-0.04206668153099667,-0.025912947813976107,0
0.002426921681067532,-0.0063819582900304875,0.05009252819256141,1
-0.02694964712789133,0.016259862889703103,-0.01471399985593675,0
0.05418124203635779,0.005823561445809505,0.001953794743130375,1
-0.030690358302056492,-0.02710676690781952,-0.03436137920731307,0
-0.03293655577305571,0.022480733838697954,-0.01957070921298598,0
0.022514628594062606,-0.02318288043668313,0.028403358500928018,1
0.003810262742477269,-0.012913713486656977,0.027985155720995962,1
0.052340945097527514,0.005621624439397947,0.006717806056807,1
-0.034154116065085525,0.07073191636629197,-0.02047509478017305,0
0.05928412278684067,-0.0026253763202171085,0.006104707293522228,1
-0.01320935737050193,0.01652885161452724,-0.018134684197033055,0
0.004751802693472607,-0.012766077385348464,0.02911349466950005,1
0.03176920952845353,-0.020009817602566586,-0.03348583426822967,0
0.009029143501309431,0.023397101917905956,0.022611861569915535,1
-0.040171741040185185,-0.01153095057663122,-0.01699109245213197,0
-0.002449371649054009,-0.014966019486222806,-0.03160757421486934,0
-0.0038965336387585658,0.0032029550689020034,0.028966922035545434,1
-0.03590104258270532,-0.0002074234647218634,-0.012090204175308206,0
-0.002299817676833958,-0.024712914986859277,0.03656568015293099,1
-0.01794264058124292,0.026095735361771823,-0.014251468486326607,0
-0.028271496163852862,0.02281964862924759,-0.01323171717400904,0
0.02712142025506354,-0.013547429375224096,0.0014425397392758832,0
0.022393989125621638,-0.027271129940917866,0.02381658229296605,1
-0.030989702433697836,0.012245778868532443,-0.0011748400347355555,0
-0.00455967035739226,-0.00996824666103283,0.03536751517607188,1
0.0026390776795156895,-0.03926665141837975,-0.01154302748511957,0
0.05268346965976587,0.00448071718008846,0.0038365094056344376,1
0.022954415748507723,-0.020209055145020263,0.030205945822937525,1
-0.021978445854586276,0.00790226948587034,-0.028163942770442173,0
-0.005976514020012475,0.022150816252151387,0.04288252539367487,1
-0.0331853103386663,0.025500168826282477,-0.01491783296342861,0
-0.009858171397592087,-0.003395497944546532,0.03302044917347138,1
-0.016937696000191908,-0.02939918593972908,0.04115023032303775,1
0.023177550445419318,-0.03693280617243513,-0.014942149639510984,0
-0.010279865299845498,-0.014647300908538309,0.04553063195697621,1
-0.000268547879540575,-0.01684206843909907,0.02468872080395125,1
-0.017207502973329847,0.01881078341003497,-0.020368283082334192,0
0.0001771045091199801,0.0050813073574169755,-0.0171419533624904,0
-0.008278900002639701,-0.010651474096028048,0.04468300091306032,1
-0.004751714836531789,0.007015957854530136,-0.017851806489922975,0
-0.040922305480775224,-0.012203389608937423,-0.01821655633267384,0
0.014971824463052629,-0.007458152732988029,0.03194993918737544,1
-0.018960869997874198,-0.028636831991609737,0.03715067863004926,1
0.04464455636889402,0.00846341562671532,0.005363800503641505,1
-0.021796186796217774,0.07841237445517923,0.03796860386340528,1
-0.0026301473464810524,0.021870879067037257,0.03857821094340094,1
0.052306994881162784,0.03532417381497714,-0.016477642212318993,1
