rating,x,y
4,-124.50954591617013,124.45057998176567
180231,81.18244858002471,-108.96431963244689
11,59.19668522239835,-43.29335147683803
155659,89.71313734381053,-101.71764388277589
73741,-38.418069872569696,38.97159725441679
20,-107.21636666102415,103.63402368089587
122904,80.93024239065498,-64.8557776769082
81949,-44.923216139074455,32.42120400382875
8232,34.17290046604942,-22.36857681437163
42,-35.41203958885074,41.84572815191259
8235,102.6622528274415,-88.52588833650456
45,7.873644923728555,1.6232404753429883
106542,-234.63935182638699,242.94720041294963
8239,95.70599833813668,-95.9665983862546
8241,84.68236264482879,-106.12192959953792
52,20.701232688967618,-25.736078790723816
65588,-102.32569076205839,108.3402960841541
58,97.26425725309156,-102.56084815977
65596,96.24118837595405,-95.42570919370891
8253,8.026329956045585,-21.520053703274883
8254,124.13555425725262,-134.77516698990166
70,20.73724981082129,-38.823639362117426
72,-12.827315890133866,7.280965318445636
180297,66.10738077548218,-57.62253941638297
75,-145.22053188487737,145.63008901856662
78,-2.1434078367610696,-13.973901922666546
8270,59.120811641239925,-64.76086287331181
82,75.67892625057874,-81.68100209831908
86,99.91138598615251,-81.0874857697724
94,80.72864185826977,-96.25725583722524
73822,242.5797367017967,-216.2639464710102
65631,86.00218648205531,-105.00179426662115
96,18.568387077260844,-38.00836908196556
106594,159.0021635077279,-166.83292993208858
8293,19.223078969098125,-37.37305063934604
106,90.43961770937491,-101.04988715147451
114795,16.599315137790498,-39.911962584058145
110,103.35871470824135,-97.64763684498624
8302,20.41425443580783,-36.21737350277267
112,27.35031667168662,-41.43984380117045
114818,-146.23238910520527,153.35402702213472
90243,35.70906372403074,-20.7837211936043
49284,-78.46268969098047,87.60842118698966
90249,-36.66808704963658,40.65710934074325
145,-3.913887846283209,7.962046337911339
73876,87.73920082236565,-103.49031052427672
151,35.57538919343592,-33.88482008211998
153,-54.864966181100606,45.09614117304112
73881,201.10131551651224,-191.52189134962234
57499,-47.689152262698244,29.469359345044882
156,12.148440568617357,0.26014872467609335
57504,99.76883059365196,-118.65786310701398
49314,-45.2118717485557,32.11886148813976
166,-56.85085701678434,64.8417119815026
168,-34.44700165186468,20.467956097745944
8361,-28.135948727533005,35.489461548822426
8362,-70.68283000632431,73.35600370408778
171,67.27442382278231,-78.84803197562049
8366,89.3848098734305,-72.22011027919629
8370,80.55255275346576,-98.53643653905895
178,-295.5956283207236,315.2024604963957
57528,-9.582295000239125,-6.652009547909776
194,57.98339127581672,-43.20881272229059
195,-20.887709907586277,29.508523423275545
98499,-31.960587400085913,45.02058732986397
198,-5.891725487188718,4.624560601852688
98503,-39.08643763875281,38.319182293780166
8391,-36.348441134305496,40.96129742973378
205,-13.77600543509466,18.93770462810365
218,20.992243310513217,-16.015681637901118
224,48.729559721296376,-38.2015262281364
90343,-67.35201119491025,76.46508814010544
232,78.49428846989474,-83.63394843083012
8426,86.17216462750834,-104.85577426959009
235,59.859808944440054,-44.60944576177957
236,30.29846257928615,-19.734713104354338
82167,-70.62347105788,63.97688768252686
8446,-106.07372514523259,104.76065786461714
8454,31.434214657217797,-25.19187486033326
65802,-80.00357221935654,73.70426648548955
8464,35.91212264409725,-23.825767885748753
272,59.62264484721546,-66.46765425804772
281,70.99110939175085,-62.33744348711627
106782,74.55150493953796,-93.48504044998576
8481,-41.65363212012706,35.77069280245387
292,23.207172647559727,-13.072791943133335
293,105.12632020516108,-92.00242100712573
296,111.69945520997317,-132.38084872126913
8493,-30.718006566091287,24.21130398336021
304,40.841090271546584,-60.417864298156026
308,89.81543191350171,-108.74528263593096
315,-34.37585250820986,21.71526587745909
317,-6.498592106977295,16.316136245171773
90430,98.69036200194441,-92.88520957604645
319,41.04935961588417,-42.82426568653653
98623,-32.04601082833013,44.94361743538122
322,37.885751976677604,-32.725297410174065
82242,116.37728138207494,-141.43746998170045
324,81.45168391120497,-108.75265530981144
57669,106.36864862529553,-127.41009346826753
327,-58.502168101746875,65.85273302906128
98633,32.42435811260006,-24.177881731783728
8529,9.259527141252567,1.2254878790260118
8531,-57.90259262358468,63.87102640888022
345,38.416933919890276,-44.715883551257534
349,34.793258746145476,-50.10707842183663
351,-11.113181025975678,18.943478385532252
352,-100.21128373016772,110.28518198599912
356,128.38900703033178,-106.49534908063029
359,-40.875624163075706,36.55012649432166
360,-84.36349751878132,76.46439304560948
361,-37.34559425293639,24.03724681489422
33132,-235.56841305286176,242.05529317157996
367,-9.2095619049319,18.652355060928407
370,-36.234037583207645,24.75361062657408
371,-4.255100590186238,-9.69606843208416
372,-76.00188897503979,64.8688567637558
33138,205.00950648575756,-251.9841801634034
33145,-38.974799203145366,38.428479629132845
139642,-64.709214403011,57.25355226878212
8571,32.00209332917207,-24.61143339810496
380,22.152677648474334,-33.46110164287099
49530,70.35087707961326,-57.083536439633846
106873,-104.78176850042625,106.01445801237746
8575,-46.811598662416344,30.419408134596033
384,-4.670006626740269,5.838262324435787
164226,149.25511147794862,-175.4790273332086
387,-122.87424527558933,121.33432742063528
8578,-2.9991196494118904,7.493446421296183
106883,-232.18566277210377,245.266991842622
390,62.32027406583077,-47.8319559917949
33162,30.722983756777726,-25.9161657204034
8593,82.00048556533281,-108.31760652111502
8601,107.433930043726,-82.78221474688317
8604,-7.792661625561674,16.028125811263116
8605,-9.824440082748016,0.6770016177653403
90524,35.92147591988009,-20.56499407611024
420,-81.2093673383861,70.86648105988252
106918,85.83321949004349,-105.14654907425101
115111,23.314526051078534,-33.36313335007485
8620,-232.30463123901632,245.15569257569356
430,65.4377046356171,-58.32847563385674
106927,-45.86045408194346,31.434831802384863
438,-73.57595314316585,79.90529613393554
8633,32.961006106219415,-43.289546003483636
8640,-49.68048836387314,38.29666713882086
450,-35.108178937135996,42.13058838742548
459,-136.9541541479226,140.50426644069395
466,-55.9915777104897,57.047481214766016
472,-97.51685096730586,91.08873067013295
476,-292.98570949649906,317.6034548966897
478,-104.13255886114939,106.63645328797269
147936,165.47368553514218,-160.3933540313256
485,-45.03529758432744,50.081422406601796
493,48.33992983740324,-53.22758254118729
8685,31.718524026752103,-24.901599909766425
49647,2.149008316508958,-9.632896915811651
496,245.177391079801,-213.22414978797056
8690,105.73005540097452,-84.92129195317513
49651,-0.47451269395259527,-9.03922307381379
500,18.871394098841694,-7.75144509180008
57843,170.52897125464747,-154.9144876788107
504,-33.468664284252284,43.64973734268736
511,-39.19814845293106,38.2096852182169
516,-36.498044405063645,25.736577940191445
517,3.7337263538369587,6.668779801725208
519,-113.87877276841742,122.14000133732134
522,-7.425364816988864,-6.581733020559217
115210,60.48807673930461,-68.60160752566644
528,-128.81719953295294,126.51260041536001
98836,-170.27800919275737,173.908854034837
49688,93.1751282868291,-98.46232257365295
8730,104.34798793821315,-86.57977297012076
539,30.15093447690465,-18.24347885125551
542,-71.97876426545227,62.60234527762102
546,-166.8094417168467,177.20045564150874
74275,-233.0238381260514,244.48031551697233
8738,221.4253523462219,-238.0498168280108
552,1.9883271924190618,9.030834603066022
553,77.4380421872551,-63.65463476179506
562,25.929646807419473,-42.784889289567815
567,-167.56679567145036,176.4927852700819
568,19.110379738478013,-37.4823717074533
569,-84.50128325381317,81.89445327729446
107069,-36.990960844517936,40.34867580127083
574,0.9644833300962208,11.376604273483546
82499,-83.78586221866031,82.59380551650986
583,88.27283323384246,-103.01704981300217
587,11.943807580207675,-26.795022315957006
8784,58.96760701441639,-53.687982533767034
600,107.6548729716959,-82.49634654091962
8795,145.1578124738135,-178.78031777364325
172637,220.36048290256628,-239.02399630083656
8798,57.89344846926047,-69.0468280386117
57951,-129.65611662918184,125.67630939240556
608,108.77482947596478,-114.64026763109315
41569,7.237947549833252,-22.3275927674832
90717,31.149693980837895,-25.48187319930594
41573,-60.13382451242938,50.70359659405755
74342,172.20989675903974,-152.9954298556604
615,-34.41617093782186,42.77545391055587
617,-63.93890198697461,58.03366677549638
90738,-232.79273425066066,244.69781105227995
189043,-109.48645265398191,101.34461609582739
635,-33.01230010948296,44.06725966407861
639,-36.88300040769597,40.45193850530868
8832,-13.552174677957483,-3.136997997958507
107141,44.93263277414317,-62.025427599668774
647,2.0333635344994474,-8.198289707008882
649,-40.09321731197582,37.327737096094985
98961,102.34693777623556,-118.20971669433128
107159,99.2029062912524,-92.33920875476728
665,150.289449174572,-130.1829628706674
66203,-68.16109935770874,57.796120977322836
8860,-54.62924103585489,60.81080407922056
33437,26.41818981502519,-14.792547755441245
41627,27.99606377225404,-28.68081865570056
8864,-81.2891881806631,84.98702667486567
123553,-297.0834939339583,313.81335313260297
58025,-45.586764975616106,31.7242892366264
688,-126.01733606639256,129.23641555021274
694,-49.220932796007716,40.67159335393917
99005,-234.14537615468748,243.4183615094596
8894,-236.0250751875268,241.6141134324301
58047,10.824869446309496,-26.279151272670557
8908,45.37257395476453,-56.130633968734905
8912,-199.1205523232626,211.58151089072803
82641,-40.428843314366134,36.99492932824781
8917,24.126057552402788,-23.504122820905383
8918,-40.76403672710038,36.66140992676292
8919,138.17532717171403,-120.15390171977387
99030,83.44271961575225,-107.15098986038132
8933,106.24505104442287,-84.28715833925975
8937,34.08627473199748,-39.872094339828855
8943,-203.20391633099126,207.70662039954058
41712,82.56444470554167,-107.86545153969624
8948,-127.9143453744168,127.40212056563033
8949,67.7309965299035,-54.04231363495467
41716,-9.637202723107144,10.474774969154906
58103,10.884823994207045,-23.034144930927532
66297,28.28782586539731,-28.386059511884824
765,-22.107153741913883,12.988777898316645
8961,63.192567595142634,-83.36916141894899
8968,31.262227793155688,-47.97361466157571
8969,-32.9650413813756,37.22971695882334
778,109.51795495236102,-92.84250992125178
90888,-88.30399054409416,78.06363316670557
8972,-5.9575655543076325,0.941765647635967
74510,118.55783604222107,-139.6549741699637
8977,-146.70310230417041,144.17913588440382
786,-25.87489080225198,22.09876399448701
8983,37.624842797055074,-24.84486061815973
8984,4.496854964422363,4.034860809062317
798,-82.65551877878492,72.63237447251245
803,82.13998638376749,-108.2062439378897
74532,-104.39229501877031,106.38824291939615
49957,-47.61208674989993,29.553297454498942
41769,-108.32037013974718,102.52952533731192
99114,78.03130738424873,-97.10525363641256
107314,-35.514278947087945,41.74964733429132
82744,228.86083792434658,-230.94341378773734
838,75.21815020988278,-92.87472716401756
82765,36.62204708478649,-19.84348695357545
131920,166.14934997089645,-159.6851678715147
852,-22.763806618023523,7.85270894910379
50005,-110.04498824775281,100.76998908046846
74580,-168.97983702751878,175.15601406395294
861,63.27138345559961,-82.58812836226906
164707,85.33285075979481,-105.57290039025318
875,16.858002462311337,-39.662648103707696
876,216.13239457679916,-242.79078602596266
33646,-19.816814141004667,27.625804176703408
33649,207.95048645479147,-249.64869163872098
886,-79.47162617730429,86.68380269612237
892,30.952495102849305,-36.67416357496398
898,147.3715176472969,-126.94059189844089
33669,-25.005647292065305,33.00017304833453
33672,-32.6551071324764,44.39242717290677
156553,-104.65198336521148,106.13922890141252
909,84.20532123538631,-96.38998446855298
107406,18.424590832131905,-18.579490513552145
33679,2.775271835651431,5.22637064865898
107408,147.43539732585538,-176.96781099301697
914,91.59276431042285,-111.66574131897113
916,96.90826356860119,-110.81754769486429
115617,84.32113566747542,-66.85253301797992
946,-99.49591183741302,110.93141893572538
58297,91.71577168234482,-99.85699395979422
74685,3.554850017832586,-19.42275937866011
33725,-11.366793043980795,21.286771626962647
156607,-296.68670191557226,314.1852685115014
91077,81.0490390465459,-109.06877621087745
148424,56.26114965597003,-67.55098918659267
970,26.072720972184527,-30.6095063794944
66509,34.796264162987,-21.72432058772071
973,90.53538721981803,-72.93281559568287
66511,127.28998286651263,-131.80602785559338
984,35.379009007248264,-21.123650003069464
988,-45.02014159633144,32.31982164840891
994,129.9998178123079,-109.84627867579611
996,-101.94429584640454,108.69497217049924
74727,191.3195815766384,-201.32333948528728
1014,-49.16576876839483,54.89460173953575
91128,30.681444796039607,-48.51334165381426
140289,80.65338213524761,-109.37692447412637
74754,55.72550522125506,-45.63424885922485
1034,-32.72886154143549,17.726026317827497
41997,74.8684893571582,-64.78050844697924
1042,-0.1494064515338178,3.903321435938386
42004,33.650979247021716,-22.909547423439466
33815,-33.19350371508479,43.9017570494094
1047,-3.5997121477773364,-11.357057940429538
42007,-67.25397063550886,54.61462614057728
42015,-33.65438885633886,43.47915443712934
42018,-172.7991084483436,171.43376928335704
33826,-101.5660485155004,109.04503920050932
1060,52.00103274459297,-57.029653215798874
74795,16.684884650012393,-39.82951322711748
164909,18.348663469874378,-8.264194294154896
132153,236.01391955945329,-223.56318243677478
132157,-72.65760530007601,71.45707463383792
1100,-73.52900362631708,80.92840650344137
33880,60.382344568842015,-63.51031336435058
173145,-53.68050597340133,57.0933851084326
1112,153.90761847474272,-171.49911442266458
1120,25.084736713177755,-41.91347545247861
66665,21.56860849017047,-35.09019455793111
33903,84.36472847390027,-106.38781407003123
1151,225.69539356196918,-234.03553446057677
91273,-236.36431548166772,241.28517779777178
1162,-41.209808679549305,36.216092478515534
1173,-25.29404632282291,15.490768578776134
1175,81.49814537718343,-64.22191618691748
173209,92.08081226835583,-99.51116027723269
1184,94.39794242395313,-76.592421871384
74916,-122.4662786249403,132.54907830402811
1197,136.14505870174597,-117.28462850438812
1208,127.77487358524402,-123.09595977650484
1209,128.5748160226867,-144.92508056813963
58559,132.91543775705244,-122.7495226302665
1215,110.491335160705,-91.65468811139006
1218,103.29200708326725,-87.80835675864517
25795,37.784627550730846,-18.64387082427179
1220,78.68327667249916,-60.619048936190424
1224,94.26527183550677,-97.3995051830173
25805,178.2871353019255,-145.59976788814458
1233,134.49637897677758,-113.40059755613797
1235,124.01213315085734,-144.59442025659789
1236,133.48337440088434,-147.53676296707684
1243,93.24951823953592,-89.01901165036024
1244,104.7659808756052,-115.8365962064406
1247,101.53775739415808,-107.98468940552391
66785,60.22732281601062,-76.88561327193622
1254,40.516800677231465,-57.95647978488642
1261,93.82474310784853,-110.08925608982089
1262,122.23484183750628,-103.30951448797713
1264,75.4194706770427,-61.53897770405571
1268,37.00438222356241,-49.70294728574296
1271,34.044040820246984,-22.502048149750642
1273,106.07898426066474,-98.60036013340971
25850,-40.65237056248208,36.77264512074844
1277,117.48408777273409,-108.04593566630125
1279,119.56917045621124,-105.65589739674111
1281,122.02797787430946,-105.16338248314086
1287,94.11312802378441,-80.4326281703411
1292,78.40127658542721,-98.36171756391383
189713,-99.3783672565272,111.0370367646458
1300,115.81093263793272,-121.0597936311547
91414,-342.58374808710056,399.6156999108097
25887,209.95373352409914,-248.01972059450722
1318,-169.30556495520895,174.84480948239852
148775,108.69095290189871,-81.13477994425362
99636,246.83962158794412,-211.23079204445497
83270,-171.66012888906045,172.5607284368258
1353,3.0449508592238823,-19.94404633123971
91470,-46.560015814032916,30.689438335621652
25946,29.010581013341877,-27.654516080759173
25952,87.03545437546184,-104.10791237113956
1378,-21.48455083890005,28.922520231598284
1382,-187.71015358352696,189.86595814131778
132454,24.752586547142617,-31.924117774146268
1385,-63.96798487797184,52.34807149267615
91500,21.221717008391497,-17.52990017251544
132462,-293.51897242171026,317.11652369325645
1391,-33.24193430058722,19.098646897661272
1392,122.41510758502729,-102.20990057029823
1395,-35.310273671062596,41.94124667305061
1396,31.784138802576635,-18.389856728302895
34164,36.90441364552826,-19.552477264348877
66934,80.0096254242234,-88.35920641304968
1409,-100.94361533784623,109.61746518416832
91535,-20.68405957650372,19.450374540478343
99728,6.072261277875098,-5.716294196168226
132496,150.52609073761428,-174.41705256958798
83349,-39.42174578430766,37.99013301962305
91542,71.75533152979902,-55.26420504273052
1429,31.537713470878536,-45.564948647034115
1431,-106.78773426651564,112.37749157545964
1432,-81.11075579391296,72.59157904413182
1446,145.22861907873965,-160.93465960293756
140711,-79.11001087483072,87.01661959059824
1454,63.203299011271824,-60.65093741788671
1457,-25.43222749932146,29.45761662773542
99764,125.57654355878687,-133.43798899865956
58806,-78.54706160666423,65.50573874475391
1465,10.809971567561346,-1.0497364698901117
1473,92.62824729834766,-98.9887346753668
1476,40.37768951782593,-26.97371272825858
1484,49.500497470177805,-52.082274414562846
1488,-65.39173233980165,56.55548685043661
58839,-119.02449059661068,125.02571450127229
58842,166.81324675381936,-158.98230423175326
165347,-165.84446375850533,178.09334113524355
91622,-138.63166659900062,138.8840085551549
1515,-153.49546687960827,163.789138286933
1517,38.483484533218444,-28.03482365837689
26095,-333.32223336309295,407.22070745050434
1527,69.57735840601026,-52.61110763749892
1529,7.064111317562306,-4.737529129367478
50685,64.40888790853657,-81.54152742908272
1537,77.7396999741086,-61.14153709808722
91653,4.709538297437733,1.805741071288604
1542,48.315718277414234,-65.81344253049953
132618,-234.26382098640215,243.30557940144507
140816,173.7773030840737,-151.1587684287649
91666,83.29343560967166,-107.27330771403871
149011,17.9621342158737,-38.59607279556132
1564,100.38048329200771,-91.06535337573898
34332,-46.487503329703664,53.128188893365646
26147,217.18264945553307,-241.86990907854567
1573,15.620541884035147,-5.959708942763202
26152,-47.057702030968095,30.15425077046306
1580,30.269091543376923,-22.53496828779334
26158,101.20683300630533,-90.1557599047422
26159,52.99443705704055,-70.65236550830683
1586,-62.61735006614009,69.19232661149805
1589,-0.9967928265652112,1.1030880972341077
26169,232.99519272098559,-226.7467542785225
1594,104.75448756128206,-110.0648343228248
26172,-40.317002603605815,37.10595784980894
42559,-38.7517819237375,38.646433025255206
1604,0.42981819350588873,-11.358217075703832
124484,-36.242670536190886,41.06169736312823
26183,135.15803507173734,-123.64574215297527
26184,24.898174923063035,-31.77906745175936
1626,-81.85389792202488,84.45194696708852
34397,-37.207817807204506,40.140860507324504
1639,45.15058702586513,-32.33810117683434
50792,-133.68420385119347,143.57728628434722
1641,55.84110384129036,-70.35630515737685
1642,-205.40305489282463,205.54940025229985
50794,-28.329385968938766,22.154082892594232
1648,33.78298949431914,-22.77265335243564
50802,-39.30992125136515,38.099998726291375
108156,-12.233874287839711,20.446642424906532
26236,92.26332351048407,-99.33749134284794
67197,-61.588772311672315,60.36365334846175
140928,-18.839862009423612,5.017674989986271
1667,-158.2780981735562,159.2389879793206
34437,20.401879782251175,-29.22292852446695
59014,-169.5224033792167,174.63700048827113
91784,158.2625125326765,-167.53146796464011
1677,-170.81343922369203,173.38909593350462
42638,-109.2585141996126,101.5777845850173
1682,78.65947745475775,-61.373604373724994
34450,156.05784450058638,-169.57059870872916
50842,179.45996885144612,-144.0821844512696
108188,-167.02534682548676,176.9993358678231
1699,92.81062602289383,-98.81368253747578
1701,86.32650099074345,-70.61920443789138
157369,108.49172888751191,-81.39907372132687
132796,-183.15689699114446,194.21937727231463
1726,-82.00933546716229,77.55284268526317
132800,-46.302698150072814,30.964546120321327
91842,-37.864835457038694,39.508062481879385
67267,14.34780724416415,-8.528135058597607
116419,-234.38043541163228,243.19442187305535
1734,109.94092745611233,-97.09007888813717
26313,92.99292577358689,-98.63820562839155
1739,91.53327362600245,-100.02912572304021
26322,-17.228032809179975,26.50747937591046
34520,-160.3380121485077,161.63154079543415
34523,-164.9980983851395,178.86848220583158
59103,80.26769334580614,-65.58431683234676
67295,-58.58787776621575,52.29170637752921
34528,55.103071899858854,-46.29921104692469
157407,-234.9974097529566,242.60435501514473
26340,54.49048030654359,-46.94887982825728
34534,29.751923571553952,-46.31106814191727
34536,-14.786890825451668,17.943773732141786
26344,-33.5612955496361,43.564706177767974
26347,96.59617641487493,-95.06424223893761
1772,-76.72474012353877,78.49900805767611
34540,-42.532384258063985,34.882689326074235
59118,16.771107286667203,-39.746414991123046
1784,45.04039493373485,-64.60618283970844
1794,-32.30463115720976,44.710091620922476
59141,178.7097855200824,-191.6044375658214
1799,11.137489635953997,-24.492886142522874
26375,57.652177400455955,-43.56906267750991
1801,17.39473687825598,-39.144730312856275
1810,37.17762182276235,-19.27071300654715
1812,57.3004955774293,-43.94867474197222
1816,-168.65372083586917,175.4664381563771
116505,-44.628282568689045,32.72885869555382
1825,37.52928558294479,-18.907703935102575
26401,215.0866944270382,-243.69819472314876
1833,-43.49886768184449,33.89613467658491
1836,177.87963945270775,-146.1197957226828
26413,-2.1165471669606997,8.371199675523773
116529,-32.83284624161614,44.23080235582985
26422,-11.04650654479579,21.59556453581321
1858,-98.2681015921553,95.81815925004517
91976,-47.423371460834026,52.26666973002811
1866,-45.023316727301854,51.45858740188325
1870,-47.29858576342035,29.893752495988693
1883,-4.206011653138057,0.6569091734600115
1884,80.1544529933053,-101.18212692987892
1885,-28.98449970258762,14.820253123724
1888,-88.59199764396145,77.76524547456857
26464,-32.92235662965371,44.14927337773747
1895,-0.21715870488352856,-12.010819102515288
1900,99.87889026556783,-91.61125624797526
1904,5.004694321075694,-6.775850230930041
1907,43.72803797412191,-31.07145883205597
1910,-170.06274195029877,174.11693375840912
1912,85.33915464610462,-67.34654723237747
1914,14.52515354627918,-12.030448433581496
1918,-64.14513680553323,53.713692153964416
100226,-234.88379472364628,242.71326394123957
1927,150.37135966771592,-134.8924505636849
1937,-5.258441046610649,5.252688073679562
26527,105.05642694493179,-85.73680745650589
1958,58.37922700736612,-77.45968975710385
1968,67.62080996265192,-63.98093055132126
26547,141.32767922817416,-116.26597331810072
67508,96.06314129526754,-95.60618865632442
116668,105.99025059415065,-84.6021593212506
42946,95.16784314971581,-96.50570518387126
83910,-102.07109867276719,108.57724189747464
59336,-44.02079755061564,33.35875328659839
2000,48.78422716000555,-54.59083204672024
2001,-21.50373440480399,7.395683156564686
2002,-48.35841799417263,46.72406570627318
2005,44.0069073577775,-31.738830977282046
2006,-25.91732644697504,24.551642030075172
2013,-24.719827240114487,27.009719742422277
26593,-172.59443127822286,171.63736347565393
2019,119.23557637195395,-123.18956646873036
174055,23.557141626538606,-12.039608107254159
26599,103.44703884238429,-87.63013147741484
59369,36.567424774547625,-52.13834519004153
2028,105.45695690112964,-125.18894362378036
116724,93.35721501090062,-98.2860519757305
26614,10.985890290072376,-15.57428233599743
2041,8.034254517570233,-3.7825838360810686
34811,-103.74317159364331,107.006987478145
108540,179.07700250589994,-144.58117201561063
83969,213.0129334068124,-245.47027708958623
2055,-34.709814002081075,42.50247010894188
83976,83.59322539081447,-107.027312336116
2058,0.16450503348161472,-16.174049186307826
2065,65.2244381677231,-53.20281313616151
75805,-76.058116190665,68.0697496144676
67618,234.01088824048674,-225.68714910638818
75813,-23.17280363315641,9.537272219425214
92198,-172.0779694052831,172.1489903203781
51255,96.4188704846238,-95.24505770918901
26681,107.97691973391491,-82.07666260210033
165947,-10.217281010215922,0.2786803766321205
116799,44.00258256517194,-57.446478481405116
165959,237.96741072570313,-221.44664408638067
92234,-234.49490607007607,243.0851934337947
2123,-76.94046123635518,80.45443312043959
2125,42.89715631470314,-45.99634883283551
26701,-39.75742892552411,37.65956129890991
116817,151.8444977805145,-173.29565593359828
141408,61.4117516114541,-62.476408527739196
2145,-6.399229766002581,6.221974817740779
92259,118.78611243451536,-101.6751186678225
92264,-168.10992771750398,175.98151135902623
2155,48.067469720078094,-42.31423338552458
149612,-171.97389034993466,172.25173201325435
2156,90.62164803427325,-100.88127757277694
67695,-85.1371156707711,92.14842365234318
2164,-296.82321315493675,314.0574361967503
2165,25.63037903938403,-31.05006282743216
26745,-107.83563480076177,103.01646721816195
2170,-115.48105626701829,121.89629005976647
2171,8.806007527865875,2.537770975913224
2172,-37.97512921018896,39.401373318879706
166015,16.945590698961116,-39.57819157645977
26765,-73.69845553519805,70.436305571947
2194,83.87891969019745,-90.3061013510964
67734,11.571795148262186,-0.3031702961367119
116887,-75.61709255709725,68.51759211078864
116897,138.99571240735753,-119.16737971856398
133281,-168.8711628528215,175.25958688068712
26792,-234.03068275875177,243.52745633762072
157865,-231.93031191578962,245.50548223754578
108715,-232.6612624371166,244.82133995753844
2239,195.80899616388876,-173.99964001194493
2243,14.071370841675131,-22.976154963275192
2245,-18.574036144681187,4.053153780115806
2248,86.36089067490646,-83.72741852154469
2252,-99.73244894868482,110.718397774112
26828,-235.11226476396885,242.49414293839044
2262,-35.720156408896614,41.555811848344874
26838,-47.45640208125677,29.72256897790621
26840,240.77212845672074,-218.3269749535011
84187,26.814130371686964,-29.86925413038315
59615,-66.90469401485275,54.98305876737283
2273,-9.668179416920543,-2.482114075375842
2281,-109.02794862223894,101.81286390265336
2282,21.755719098655796,-12.1389015733764
2289,93.40868269303598,-82.92342581594056
26865,4.890512437490053,-18.052453748845554
2290,33.92517104159068,-49.749544799903816
116985,-233.26153453597007,244.2561438105564
2318,115.44637852144339,-110.27552072214158
2321,17.50180925853638,-34.13037863068997
2324,115.50659189457805,-116.34602227676689
26900,-42.42335959389245,34.993315120950435
43289,87.91658620240403,-103.33347427157918
2331,-33.93647712533685,43.2193282454974
2342,87.2104390659762,-103.95502740699007
2344,-12.462580420851669,-2.013631820556619
2352,64.78205811906162,-82.94031393487344
26928,250.0021803739325,-207.32939840138994
2369,-88.85887998680354,77.48762341175328
2370,-45.67870271462336,31.62718825052143
2374,-16.01668190049837,16.727414126066215
141646,31.291959303214767,-25.336921033469768
67923,0.5070891297571546,10.936894057682993
158035,21.304749620424598,-35.348440296006636
2392,-177.80147891227082,183.07472381585302
2393,-14.44742412236057,22.281425200869712
51545,-102.83832020721412,107.86088031423319
2395,40.75740169594179,-28.23872050840993
2396,73.96564597742952,-56.77828957789253
2398,95.27766802739055,-112.49951459430196
2403,39.397610047292176,-31.155251916252883
2405,-62.89121119275387,65.32998611754279
2406,22.07731804456078,-21.541533005346878
2409,-13.989343222962423,11.95753715774547
2410,-70.91032753328798,78.56402301251775
2411,-80.18327732243439,75.4979597388885
2412,-178.7421309082928,181.18118347746525
2417,-297.1518680897993,313.7491576081471
2421,-69.33144928711268,67.84760268407017
2422,-204.29718942397432,206.64080162015372
27002,24.17386610702029,-32.501457023770925
2427,6.475161560920814,3.539651931116629
2429,-70.57190374947885,60.198893396823145
2431,6.51902277287029,-15.157884285745657
108928,-78.16931697154105,87.87497295981477
100737,17.48699026070566,-39.05561242079626
108932,82.01230566557878,-74.1520347259997
2436,139.70803658631135,-118.29598913272979
59784,13.482618496606642,-27.783657890241827
117133,28.866689012114108,-27.800282951287603
76175,-126.77994316320603,135.15398501561626
2447,0.6276796484839777,6.543363868267669
27032,34.300503639101926,-22.236500561028695
2457,37.472122188244725,-36.488342755457786
43419,-294.1803321448359,316.51004129730643
27036,-37.425826156131365,39.93141444454989
2468,-110.37251645858352,100.43083048130462
2469,-17.778461948048918,2.226584416266604
59814,238.91570367380083,-220.40270420400444
2471,-109.94110438439257,106.6411191029995
133545,-297.29550777290325,313.6141929768755
43460,1.1818363355635277,-10.601961213431169
2504,-22.652595722287703,10.065077002434528
2506,12.39025959984887,0.49637257129262413
2521,36.5257084734283,-19.94273701959659
76251,41.14252362748172,-56.06961914108462
2524,-8.867127473267614,9.142933904363362
2529,71.0356442380968,-67.1899951798287
92643,168.10400867799112,-157.59544559830152
2535,-85.77616269496058,80.63185768723821
68073,6.716993033777509,-22.86290486163938
100843,29.583659807473847,-27.073467774443458
2540,-101.81784341099875,108.81218969082903
141810,81.31665594970244,-108.85895415983785
92665,-109.14356119928453,101.69508506367711
141818,164.78657630028817,-161.10627492871527
51709,104.91766068957534,-85.90306195691878
76293,9.823599214723796,2.014971821746137
92681,-363.38947978602556,380.96686466377326
2577,-43.604255416894354,33.787897364018704
27156,143.84873846872583,-128.09967988017542
2582,-43.709164487433966,33.68001746508383
2583,68.59748524515123,-88.41865294647505
2587,-1.0008636900312375,9.46991680608091
191005,163.38121808103014,-162.5421190884855
43549,18.999099952346867,-37.59034546965571
2589,34.91617063659056,-21.600639982791108
2596,75.7483003954346,-58.87190152714211
43558,-171.76495888483407,172.45761280461463
68135,27.677238421043665,-42.817017491762954
59947,-172.69690459512415,171.53549167579285
84523,-34.22284548732282,42.95465221074956
158254,-233.5288075399817,244.00350435823825
2617,-19.81446410379004,25.11124496164735
27193,84.19439030313947,-72.94099887229424
68157,108.54291378089609,-120.05895540273308
59985,84.84310846619265,-105.98681473598283
2662,-11.748595930512868,20.917640152029726
68205,-52.68559870724822,41.59512490940532
2683,-15.700285511837,8.654275009938162
2697,18.673929976070724,-37.90594192033301
2701,-145.38394524692578,143.48537942415442
133780,-35.616986557127966,41.653007280251444
2716,55.802237698775,-74.57903312677563
2720,-154.4414674506012,164.14844318789687
2723,-31.966905504013596,21.25771230587061
43684,171.66249231310863,-153.6260208536968
133798,-235.34259051543052,242.27278005685648
2728,30.02451581497227,-47.46830542959456
60074,-39.704779958857415,28.063215457592413
27306,-233.77380616958115,243.7713834959244
2735,-76.77241535271668,75.70120916105931
2737,93.53916733973463,-98.10941216009327
2738,102.34286838498453,-88.88655800435667
2742,-296.89457382004116,313.99056212191164
27320,244.3255941973441,-214.23089689009387
109241,224.62906904331314,-235.05451274869304
2748,-187.64211855119078,200.79107117386562
2750,-15.384476709346488,23.623826192724472
2751,105.8608189220861,-84.76121902878457
27328,169.3428972101929,-156.23835475945742
51903,-105.81658132466406,105.01191319638998
2765,25.925030282363405,-30.75665265343212
2766,-12.202722868748685,-1.7465477423119355
117466,35.26579447918839,-21.24028230408784
60126,27.192856790406662,-20.434486248347532
51935,84.62445489789103,-68.30498402032586
43744,23.169761344708114,-33.50927764102599
51939,-32.860714874734704,22.071131534826513
133867,167.46506905277863,-158.28534873866974
84716,85.66531160127612,-105.29000549532338
2797,52.4257148994661,-63.31537354670746
2802,-39.85035979234399,26.861309022703235
60161,18.88926506060416,-37.69693920227694
2835,-293.9545617324417,316.71740101089597
27416,69.33869415790394,-54.15026054047107
117529,2.281093949939425,9.693819776550132
27420,-172.28534814588767,171.94391385412126
2846,66.57841221991816,-85.65668602830245
27426,-110.26396317161173,100.54341972181007
2861,8.908535611322014,-13.96994589814512
109374,55.891231258265016,-75.49232967764895
2879,-4.866956123041676,15.124954419483672
2880,-23.553806739151586,31.30533488693812
2881,-41.63371004240628,28.28947534141583
2883,-16.575688940433885,7.314888428784885
109383,26.368788104156735,-30.314276766576413
2887,-296.2196317022558,314.6216919657746
2889,51.65209421334857,-71.90320032060282
2890,48.636487147485056,-64.67509026928866
2892,-294.1046809227822,316.5795607547983
2893,-36.77537112408685,40.55475388277958
2905,117.7504133853828,-140.3231623132937
2924,92.35450696394422,-112.77929891381396
2926,5.399691107166686,-2.3203741632754973
84847,-100.45354748147912,110.06498428925374
2931,125.72942863133206,-110.51119134551465
117630,-296.55840666050375,314.30529219097764
2944,96.64251772371563,-85.383858527696
60289,-42.31407169066684,35.104077222562424
68480,-235.4553676447279,242.1642218382973
60293,108.1859117198457,-81.8025428047021
68486,98.1731399600745,-93.43104456161177
134021,-102.4534454586411,108.22110916975824
43917,-43.180054309930064,34.22276119005928
117646,175.7038973752021,-148.83557948472773
2959,142.91818743463273,-121.30782547419749
2961,-120.66673025537081,116.88969350336603
134041,87.38608722203402,-103.80111318381712
43932,-200.3093404983146,210.46994708249505
2973,92.70902590184083,-75.17454581691301
27549,-232.54191361889588,244.93335211451085
2975,-32.47904732426934,44.55217626049545
2977,-46.72835933832076,30.508866392833152
2985,2.8910423473429856,-19.10681335885474
2997,97.1737878742245,-80.75269614003156
3000,79.05040599502429,-99.8706096646181
93114,-37.64486998251717,39.72044585753524
3003,146.276479352161,-177.89702540508108
76743,17.303329251185882,-39.233000461264275
27595,-362.0097921431394,382.2762084410522
3020,39.23314835685076,-25.71246103784447
84944,45.872915122916694,-42.592139124220566
3029,-8.991699840037706,1.5205050090804775
84950,-106.71208866281141,104.13327568001999
3032,51.64891551982676,-49.90249106146585
3035,62.42664907932767,-79.5025097352091
27618,-77.74977733529046,66.33467645702669
3045,36.21127962624251,-47.587101171393385
3051,-107.71290593845833,103.13925450122484
3060,84.1457621353028,-70.69188913541146
68597,97.47667474486947,-94.15800342387526
3062,83.74497472347907,-106.90225170685444
3066,85.13360186402656,-86.44514216686913
3067,26.644738301983438,-43.78422996902923
27644,20.917277649383998,-35.727145981543664
3071,36.71725056647066,-19.7453890806346
109569,-295.92121875618665,314.8997556102286
158721,21.045404226217318,-35.602009305757306
3079,-23.01678290943307,31.826214817333298
27660,48.402309114421705,-62.00581048012187
150548,74.93966563220044,-75.7503111326074
183317,152.52116904641403,-172.71210179144518
3097,59.125456954059295,-41.971013499065705
134170,56.6694009800897,-57.6669802311636
3099,-25.643601482951397,32.3746705889295
85020,4.176310579005999,-18.78252705966054
27674,67.40852595500296,-56.2377286631663
3104,52.80359594687764,-40.4137703162656
3107,-5.877260745012048,-9.962216534660078
3108,64.89486548399893,-73.88452317660341
27683,-167.89253874005377,176.18652878602018
142372,-78.30702298211959,65.75660865121282
101415,-233.13910387399355,244.37166815746681
27692,29.154198042719916,-27.50897475373193
27695,-44.42830039529672,32.93676754064453
101423,-43.813572563679976,33.5725181815512
68659,-51.87103093911158,58.77639078107011
3127,-57.32801267584796,64.40257759419453
27704,249.2313182390429,-208.29384567270196
27705,-235.6820346988288,241.9456958471377
3130,-116.90408183053034,120.5605763437457
3129,47.00802947724259,-54.539312471639654
3132,-165.4198002481824,178.48319355033976
27708,107.54505590601411,-82.63865336191346
52287,39.71822988195015,-29.592758308177817
27716,175.23877059414372,-149.40328394695487
150596,137.27695430017135,-121.21425459441728
27728,-145.4597026138002,154.07874647539947
142420,-47.76571161895582,29.385876211493244
3162,-32.13182299389257,44.86621491971695
3163,87.2775719365281,-69.56560857233886
3165,-41.098520829669376,36.327457063990835
52319,42.2235319414713,-33.95914785337873
3167,36.42819314781516,-20.043184063890717
3174,19.854123358906683,-32.772022076515796
109673,-153.4772474979438,157.31916468679773
60522,-135.05572302438716,142.30193755720003
117867,106.37038046773485,-84.1312708886062
134252,156.78867121849265,-168.9016913916631
3200,136.30954745856852,-122.33595331583663
3208,-147.70488843161513,146.50572774395036
3210,16.60446216310809,-33.023929500033404
93326,-88.03427479420344,86.44624564581743
27790,25.336713136318036,-31.34240299892425
27802,-43.286745226654105,34.11358924968604
158874,-46.474892744431834,30.78056708480106
27808,3.4198526403274987,-16.482809105132198
158882,247.64994366494503,-210.24497380839367
44195,99.76677878637622,-100.32288685370379
44197,-37.53522581913364,39.82611369718146
27816,-100.82041912331104,109.73022835455622
27826,107.09232326069197,-83.22058378175164
3255,15.445489063927443,-31.678391491041236
3256,26.863745511406893,-34.74863339713608
68793,-29.62113307590613,20.85713137805042
3261,-12.767666961239312,15.931343139701683
3263,-38.50330779707754,26.372966284618222
3264,-113.60955148599696,117.69841377052259
3265,95.88474069618862,-95.7864878970749
3266,168.73000934202767,-156.91295092554583
3268,-202.064176458641,202.81977086842062
3270,-66.92957937407805,66.05527082972614
3275,114.72170705974834,-135.66478457373532
142550,178.6861554057065,-145.08696374995552
27865,-71.14782453370493,72.91318859978257
27869,161.21307374731796,-164.7003852376497
134368,48.23441458114524,-58.89188392176183
3299,-78.77536837596801,87.3231931993859
3307,64.87614110572767,-84.44771056886626
3308,-59.13022411984434,56.50219004320394
3310,115.76214586188631,-102.92715319488988
52462,-46.21560906018981,31.057409913181683
3317,48.99714390970702,-50.5007964561995
27899,-67.09522397504726,76.70075192234557
3325,-148.68753994000062,151.01897532497725
27905,37.26682450919389,-19.178669478439595
93443,-11.624860316737536,-1.154088627592593
60684,101.55302036995779,-85.64913212208931
85261,23.45800915587644,-33.21863444661891
109850,63.9975616771339,-59.83108786799678
109853,-32.391636015770466,44.63136054262015
3358,82.62217989200488,-67.69166464020645
3359,116.5556609990068,-99.36687645300856
3361,57.160112038002445,-45.48101619456317
3363,67.18449380275287,-82.97038625786816
109864,-204.79879388692987,206.14743663465651
183611,84.20785448973108,-106.51858026740018
93510,68.83891992899306,-85.69631936435931
93512,88.9903573359835,-102.37377738664429
3402,80.26416354969157,-109.67769224265345
3404,44.74032094575334,-34.51445790182659
3405,-34.80867294635628,42.410349345295586
3406,-38.19627201213666,39.18706433974897
3410,101.5340396937032,-89.79231537921673
85334,-338.50980073162015,403.0101588846164
85342,133.38977692351156,-153.56093952028021
68959,-67.9185731065137,75.94244766333063
159077,-100.09085936179518,110.39438394020215
3430,-32.21802829634018,44.78837469157437
3431,-214.75173971208432,218.40793444197425
3432,-235.22944305936616,242.38158258871297
3433,-293.2936201318275,317.3225226071771
3434,-293.21870686175566,317.39092897822684
3438,-38.08561240847865,39.29436973338054
3440,-160.0598412094735,165.01021892797868
3441,22.90910321541082,-14.131201032586532
3442,-293.80711527354634,316.852642957719
159093,53.664863993248304,-39.48191022777281
3446,-74.20114556567131,69.93824397189073
3448,66.6589388061963,-71.27835870195327
134528,-333.8817447208364,406.7724535779363
3462,65.50880574814792,-49.924839357166505
109968,119.46452857865853,-138.8930813096185
77201,-103.61350837931523,107.12995787125531
3477,4.971034547810866,-20.557447107244666
118166,35.81600617843045,-20.673597338497924
3481,53.85940316109304,-47.61249943267345
85401,-57.71529813741881,46.46848288847081
85414,33.507642071376694,-50.90505805514035
93610,-34.031453768698654,43.131647401418874
3500,-44.82559199559055,32.52317768212664
3504,87.96584048118092,-109.70668165491914
3506,-42.96551895273245,34.44188518782561
3508,140.85144826724874,-116.86996562079585
52668,101.04250623706275,-90.33760966519395
3519,-49.053479808217126,50.73596020508281
3521,16.5484528808231,-20.47041424367971
3526,45.69096827706205,-64.55803551553605
3531,208.94805311912785,-248.84143668180442
3536,24.36592548391295,-18.91371134751497
3537,3.822291169987849,-7.95673106206039
150993,95.34753700925444,-96.3262167448875
167380,157.52399176956456,-168.22164856004358
3543,51.38119023099223,-72.15355876527192
159193,-44.727277463184826,32.6257330187152
3548,46.45632587345178,-63.83938108498729
126430,197.00055675464307,-195.76803199039983
175585,22.405797444396953,-34.2720831962254
3559,53.18783100967376,-48.31300311619178
60904,104.63583770293275,-86.23900222854432
3565,22.871231834317438,-33.81098438905617
3566,-60.93297483965919,49.86877396452922
3567,235.01390371064767,-224.62933457011798
3569,88.81041911851555,-102.53584910744165
3571,-40.2051239388943,37.21689712533164
52724,-32.56686954262087,44.47253355191711
3578,95.8119003946813,-77.70153145955645
3584,-171.34423630305847,172.87071491407784
3590,-170.17044026836035,174.0128947841021
3591,-78.93826244789845,69.68001265451589
36363,52.260609949179354,-71.33822837807514
69131,-99.1447273588096,111.24649641733185
60950,-23.20150982661007,28.8780634078793
3624,-25.646101164256358,11.186641767551365
3628,-45.76993099769214,31.53070318440843
175661,-87.25545433656934,79.13967421353873
93740,-233.38073451564296,244.1435454568699
77364,-42.204535868899875,35.21496019513039
3640,107.20759573709792,-83.07317244049125
3643,29.726433890654427,-26.92859315606783
3654,63.13487127960039,-65.9643311638811
3667,-296.061704631743,314.76892433133713
3674,86.34310407382627,-104.7085235324403
61024,42.59009293410751,-61.59983234216112
3681,124.99629837171295,-106.91245850769063
3682,62.90834512198432,-47.19497982843803
61026,102.50288596908076,-88.70609024490636
3685,59.99500767422638,-71.35734059345535
69224,80.9164054141098,-109.17234751245324
93805,70.2115701500331,-53.19752245584913
77421,-100.33218093657361,110.17538173568413
134775,-171.4497575372904,172.76728999945146
3705,-130.75120321921034,130.1212126727243
36477,105.19381628736448,-85.57164181167167
3710,-210.49012451964037,222.47355866192743
3716,-294.2618999316784,316.4350427194459
61071,-105.68771415255695,105.13751101838356
3729,92.44580739091937,-99.16334362304559
102033,-9.71762480410931,14.149108664896215
61073,-169.95490162351243,174.22098279936873
44694,77.83161947536121,-62.41366654050334
69275,128.91450240892263,-130.21531938679658
3740,82.1944353731009,-70.12954276229783
69278,-5.387665391584406,14.621545822977902
93855,151.1794396891069,-173.863885416762
3753,26.016324499030965,-16.254012664197248
36529,47.370365777844526,-66.68136561478752
3761,81.86193126811273,-108.42790076716297
143031,226.75410465206036,-233.01266026708396
69304,104.05381472515104,-86.92549968577016
159415,-7.017349878403376,3.5063550003810975
36535,73.28616276537973,-57.689156343641166
36537,-2.725113804869064,-14.572778674406962
3774,-326.4692467476919,350.9517194110298
61123,-167.24166595044608,176.79733393612378
134853,60.64443414008104,-80.06682620793363
102088,-165.95106988464312,177.9951793026478
110281,96.9496155459898,-94.70215198724297
61132,20.168140991543694,-36.45658440753794
3794,-108.07926596196451,102.77212511475071
102123,-17.106879782040934,2.9156970578523644
52973,39.55321463809604,-58.23246486258478
52975,26.665584206296504,-30.01784445231457
3825,-69.83653705739194,76.4298943589702
3827,-52.03052986401154,54.438889736489614
3836,103.32188266141574,-123.7914020975259
3841,-58.57126089842309,63.24772985665484
151315,-170.38541840443082,173.8048412081119
102165,-169.63068430041193,174.53303701169452
3868,15.884008254343481,-14.85703794649868
53022,68.80073178547146,-54.73855126448612
118572,34.55149501806879,-21.97701223844645
167732,21.8378922559293,-34.82661491541845
3893,-0.05943964037573282,-14.268994366300749
3898,-103.09604751376935,107.61867237726378
3900,97.12572658502562,-94.5208945142799
3901,-11.92424647098019,-1.4607489716726365
44864,-14.088082536720707,-3.6918320353093033
167746,50.305107559101444,-63.925196873096255
3912,-108.79473717906622,102.04985606820061
3925,87.48552005523045,-80.82654593532568
44889,187.30609453962933,-205.03350496016043
77667,-46.38912316830111,30.87226737207338
69481,112.56455920906197,-94.88807832298511
3946,-101.44073292851616,109.16064998515802
3947,11.879094654739683,-0.0029311330090119984
167790,32.97783404058833,-23.60689702430971
3957,-85.17158034787649,81.23328629114715
94070,69.77059967125784,-87.33728130927477
85881,53.43082275165689,-70.24212854689709
3972,103.96916031034006,-121.22448707623502
53125,25.209581818887255,-14.18574686645674
3977,-81.37407871328787,70.1732764637109
61323,25.044336221534117,-27.60622711829491
53140,55.34335968689704,-68.42937062943821
143257,-46.03940609171638,31.244916903131987
3996,82.21260270778521,-64.34399293703316
3997,-193.31282615301663,195.38953384714534
53161,-35.92785461895336,41.35977441698398
4012,-104.26242445721536,106.51245619472745
4023,-17.772126452010628,24.556708765443656
4029,71.38816054551907,-85.82011156853072
102338,160.47888772681463,-165.41604952331394
4042,15.440005471602326,-7.446157373782368
159690,-165.2085807799041,178.67640341935711
110541,-109.82349337604857,100.99842610680192
4053,-106.83878109879275,104.00814899457436
61401,-99.85143984289235,110.61099164691841
4062,17.420112507767584,-5.50382114745602
4063,-106.32993975004055,104.50947180843252
135137,-93.80295776074624,94.71671859295625
4066,-51.23259032039781,59.36078485985351
4065,-107.58959206960492,103.26242739518207
45028,43.36690132240994,-58.05229622172819
176101,-28.269585074897147,32.10942556689753
77800,108.8867718744784,-80.87390041852228
102378,-67.62503858349743,76.21366957850505
86000,94.80759401841578,-96.86398821011707
4082,23.600964506539317,-33.07498567748137
36850,68.09681223182584,-55.499597621290846
4084,-52.98262490375068,59.44909571321163
4085,20.375754568974827,-9.750242911979862
110586,84.52289927830434,-106.25559741479158
4103,87.13935293621063,-90.14559270960974
69644,-94.69694561250972,87.58374702081956
69654,21.436075377743553,-35.21992993841405
4121,-29.354809412169384,14.442028357249919
184349,18.464211440940474,-38.109447595298505
135198,108.08195564657137,-81.93906184122551
77866,-22.027106561087926,10.69842801688451
4142,131.96917583385286,-127.0987607150206
45106,-44.528619064623044,32.83254173803309
4147,99.3726932668796,-92.15720954113867
4157,148.0307906476506,-176.48473806862248
4161,1.9980758606171918,-13.708482889039672
36931,37.087508630697144,-19.363671705314175
77893,108.5917823992679,-81.26648300009914
4166,-107.95776008879099,102.8940851217995
53318,-11.303021537296042,-0.8252456268137386
118862,97.99973307521296,-93.61289911434613
4175,51.736654508938905,-38.41894296597682
4180,239.85029403118295,-219.36307033243594
69720,164.08815627864038,-161.82355051123602
4184,100.7124394077624,-90.70144317312806
4191,0.7443963052317237,11.165422034690627
151653,-233.65425697856352,243.88471302281928
4203,-21.097096690396324,11.639483852855873
4205,-17.248083806332467,15.502546487829573
4210,74.01312555636527,-93.97551288142814
45175,70.5668757389719,-52.80385527791085
69757,58.62070512425192,-42.51510611365485
45183,-31.875548335345332,45.097129652508166
4232,-44.78606482666074,47.172425589904805
4242,-166.91733827715038,177.1000097079468
4246,52.110675501635136,-37.47517309836279
127134,28.14215616222117,-28.53327486769325
4254,-141.19541720378876,151.44754569262776
143525,99.54194995159304,-91.97521740549294
4262,80.50596982220071,-92.05484303360639
4270,-23.1677578876931,30.205533315190166
4280,27.4942903995845,-44.42937914670165
110781,-99.97091059963005,110.50298718214061
4289,-62.74262441573836,59.22915302580656
4290,-169.0884639504765,175.05235842363004
4299,12.378172192579664,-1.7306355823178865
78034,35.600608667229785,-20.895409662943436
4310,-46.28311707642745,40.8646882423135
78041,-137.90964454018444,139.58508743986184
127198,33.322525266574054,-46.03111133646235
110826,-235.798029111391,241.83369229000274
4339,52.6082433618723,-71.01393044824346
4344,-22.264654012355745,27.386316635804892
4347,65.67840450311414,-80.35900074636608
4355,-171.86955774323104,172.354602241213
4357,174.76284841788905,-149.97961994930176
119068,-168.2186743894298,175.87876285569655
176415,22.558892325010827,-34.12211183305421
78116,25.044074010598706,-31.633758528411253
4392,-41.9847785809829,35.43703041060291
4396,-66.85183297070297,76.92338578342446
4397,-110.69449203422255,100.09582009993099
53550,9.90038384540028,-1.9435955450106401
4399,57.39076280477268,-66.45817885678534
4409,-2.966219215235271,-14.821648857189889
4410,108.3907577138678,-81.53258843061622
86332,37.92058394542136,-23.048779288100356
78142,145.71229483460667,-178.3441614231061
127298,106.11833430622916,-84.44413094178803
53574,101.85922422228461,-89.42941025454988
4428,-9.417036479419801,1.0898282281497427
102735,-336.02954600766816,405.0386257121531
160080,-25.63674565677621,18.196476351045142
4434,88.63083424537372,-102.69709791835065
4438,82.08091592446785,-63.575865529010436
4442,-83.09591194084851,83.26235529586303
78174,-293.3770827119765,317.2462665097228
4448,29.254374971359592,-41.3086692246868
4451,31.007439925590006,-25.626725949271407
119141,14.773534974429646,-30.146976685764617
102760,89.53203723418005,-101.88281572728006
119145,104.45357227447255,-81.51240649723228
4464,44.89889308218642,-38.86528139183733
4466,-103.48394404121395,107.25262921331046
4474,-55.17802463800186,49.090962474467595
4478,27.259446799000102,-29.422753138010354
45440,10.370252517224001,-1.4817834881932899
4488,-1.3342388394335611,-13.144679674702799
102800,-106.58503154887372,104.25855870857596
4497,-47.84177341131402,29.302840595881825
4500,96.77309511135557,-94.88327087047311
4523,30.011557376042656,-26.639145625122772
4529,68.17762454508247,-88.79876800589669
119218,-107.34129736884294,103.50983803955766
45501,-90.23859087381005,96.13603028125769
94661,83.89798647955759,-106.77578723871099
4572,-41.764198381815206,35.659414990932376
4573,-167.45834146899034,176.59449961348307
4583,86.68766262697117,-104.41047022139499
4584,-166.27186253286766,177.6990798973169
4597,-168.43618061577516,175.67287171646652
4600,-8.065354675193285,2.456037419232813
4613,-166.70165912860222,177.30067239561376
168456,-171.0263632326735,173.18152677180322
160271,50.848039141530364,-39.36946739143
152081,71.86795321326406,-89.40048965564375
4628,-28.507907838246886,15.304810602895424
4635,-296.39109229746623,314.4616524343197
4641,21.70247825971729,-34.95914145772774
4642,126.03346520909047,-114.51128602154142
4643,-77.80264155640967,67.70551814492023
4644,46.132924045995615,-55.394398416840694
4646,-233.90373615670092,243.6480742890567
70183,41.652964795183316,-59.66474428442187
111146,148.63725790664643,-175.9886530972424
4654,-72.69940779522418,61.861768145030496
62008,-38.5291836418071,38.86345944708035
94777,-8.028709698201624,-5.069751778077495
94780,-60.409007448025115,61.50513305313889
4673,-216.5641524926108,216.6292703306125
4675,-294.498130045921,316.21758991901925
4681,38.97787438159323,-55.97564216664898
4683,-12.706083593752554,-2.2642019845546417
45648,-109.59944475799577,101.22874585800736
102993,-17.76187362934239,25.988366428799825
4701,12.625751902107366,-9.179893817402649
184931,89.8944680562084,-101.55174553892857
37477,-101.31582145448458,109.27570562872964
45672,-47.256149462992845,36.32770683286763
4717,80.39321909070466,-109.57822255655688
4719,-86.2542238326991,91.10874392641753
4721,-150.06508162534564,160.5439636423036
103027,-34.908020778694585,42.31766267462641
86644,-31.774617725777954,31.906500232968906
4736,-79.86324970434795,86.32156705336034
78467,-182.55133324145297,194.77940889669637
4741,62.32591542803374,-51.77529247815649
78469,-16.266729089920062,21.658614477921432
135815,89.17062304084833,-102.21090181798569
4748,-159.4166917278102,162.51790579719278
4749,-258.06559279556615,285.52669897798273
4756,-234.76421945449167,242.82776471304976
70293,-49.72850714959597,39.11953151301782
4757,-98.79788600488133,111.55628201867017
4759,103.60085590695968,-87.45259451351414
45720,42.56009100136724,-30.179183718745914
168612,53.93849304619829,-69.76264958335348
176805,102.02101188697283,-89.24823480908721
184997,86.86117944759394,-104.2597374110224
94896,18.259772428443995,-38.307714136712264
70334,33.914037002082985,-22.636782765703316
4799,-4.138549257126811,6.366077677289379
4800,-109.37281030904609,101.46096190870446
4802,-33.28477238747128,43.81825772866501
4804,32.702675162324645,-23.89111926221142
62155,4.432673698318584,-11.827069443120985
4818,-168.32742280937683,175.77588543218923
4825,-38.64042482439851,38.75506760751702
4826,121.5965610143187,-137.05382752763725
4846,23.88685320777859,-32.78844034157251
94959,56.996888527897646,-73.71221015080842
4849,8.792719244280626,-3.034343189476914
4867,-30.789915494953227,19.68085846660925
94985,71.15315090340323,-75.07650507767404
4879,-32.74376455061912,44.31185186384593
160527,153.20907213124687,-172.11320073870166
86815,22.11495481735245,-34.55582185574688
86817,1.1698180576350095,11.57300150399084
4901,16.439173388529777,-34.62369409218928
70451,227.8097715637761,-231.98146601712358
4926,-170.91999600973264,173.28528151973168
103245,-102.96708302062767,107.73997029735051
103249,-40.26259441308511,29.671250182970834
103253,6.741932700028421,0.510126053688793
95067,-65.99329539395652,55.93462419005401
4956,172.74464266005816,-152.37405224089298
4958,1.3626395780288219,11.7569418198693
37727,-62.06900369590216,51.78453310835052
37733,20.79012836801374,-35.85122560684228
4965,36.02551394007625,-20.457866323793763
4971,-32.266960951856895,18.194706500929883
78703,66.75759592330924,-56.93261312753615
95088,70.84418602646639,-52.495063245962925
4979,43.576668291064905,-62.338952431606415
4991,11.21525608385787,-0.6520850749443843
4994,18.780879704701707,-37.80213748938702
5010,69.2611404084181,-70.73185787559387
5013,54.46863894688611,-57.04524942823058
95135,83.14534924452157,-107.39429154300113
5027,-44.22575936777159,33.14678122593821
62374,54.83459865663385,-74.86767033970507
103339,-51.395682088780895,48.4669273797441
103341,14.226347092742527,-19.648863406732854
5046,-41.32097500160956,36.10472251593793
5047,-5.411240972022753,12.53801207804888
5049,46.918202624888615,-34.23845045321864
62394,-149.5069490144952,150.22797893866212
5051,-47.37776495839537,29.807917825911186
5055,-60.94923860247972,66.39557721175179
5060,94.30136928728237,-78.43500543704914
5064,75.44026846943451,-69.29068881730926
103372,20.332672542437653,-13.546949778542283
5069,-0.0293486150190321,10.417485722706925
5074,-23.627724297567386,9.074010395066216
5076,-108.55887359393894,102.28875191896927
37844,-171.13252777415633,173.0778450145709
160730,-172.49165854449413,171.73941366844934
5083,34.67469218092537,-21.849786910990524
95199,-43.91745749934617,33.4654225638297
5088,241.6848868582921,-217.29048994654565
144352,-334.2248782302219,406.49685662867864
62434,35.65008287414516,-27.95655386070842
46062,-167.13345838686402,176.898441935837
5103,13.752289400886713,-25.66693925529823
5121,98.34605408673299,-93.24913610205799
54276,-13.916888469403963,-3.514399878698288
54281,19.92561306666004,-36.691955692382585
5131,-13.35691960253973,-2.9352631684629387
5134,-47.21885517780958,29.980080898049554
119828,-45.30666817621943,32.01929510106093
193565,23.022499785031417,-33.65820352615024
70687,-75.16143671794029,68.97760655000675
5152,-2.4542997204005372,-14.29370619117215
193571,84.05227599780483,-106.64790138769047
193581,97.65148823295789,-93.97639193370846
62511,-27.884247365180194,15.935792812378924
111663,-109.71179033477799,101.11334975763006
5170,-106.96507871639238,103.88321012733313
160836,-46.12784764318973,31.150864934553525
70728,77.3009678996109,-68.77520316909012
95307,-72.13829382951482,71.96114416860974
95309,121.19015418048167,-115.596709574727
185435,-36.56116190706684,40.7589927319003
144478,146.8507625612475,-177.4383842567793
5220,-119.88348955352673,117.6707903966855
103539,-13.738521164069939,-3.329728226396979
103543,30.15395439463205,-26.49452537518867
5240,90.07600645951554,-101.38514030681503
5246,-154.55852827462454,156.27907551349404
5247,-80.2841355804069,71.29545206292997
5248,-247.0905526253351,263.62444241480733
5265,1.3615130574517142,-6.340940650182995
87192,25.48342185730219,-31.19635943871991
87194,19.686917012765136,-36.923384063123244
87197,-37.754744499575125,39.61442435815759
111795,-33.84197621023519,43.30647008829317
5300,94.4462867527795,-97.22127021999377
87222,6.706837700719781,-2.448287250427329
103606,94.98785772200043,-96.68496599862577
87234,123.92821781457751,-112.57894115775508
38095,112.77039659911813,-123.91517344474899
5339,76.09172642499352,-92.06880942417526
144606,104.20170144951932,-86.7520229958231
111844,26.220646126553444,-30.462048799054422
5348,91.16840054139291,-100.37173773853486
103655,-190.23739699756578,198.36349515336187
5353,-47.13856377356001,30.06691099226698
46322,-22.356032497178155,21.469178923122854
46335,-155.39563319455502,164.36891296706827
5377,65.06794756441235,-49.24682156293294
87298,-80.77216469587906,85.47369858468775
5380,69.2353595101793,-81.34121540349479
161032,-99.26130577995536,111.14206186554402
5388,1.3824257388250696,-2.2810366689190533
79132,112.7732849224813,-96.85979504661795
79139,17.067274013346992,-25.614357005087783
5414,-61.4116371579567,49.36472042432195
5415,-29.660146477144128,14.129469843119118
5416,230.94203296541747,-228.8538450548619
5420,-56.187073744347,54.68032323736714
5438,-70.23639380954279,73.7786880013579
5442,-167.34996264826694,176.69601779599734
120138,236.99114155814564,-222.5100559172861
5451,-45.11636177645225,32.21903865529527
5450,-19.480494895794177,4.3585567988297065
5455,-236.1378658107945,241.50486244407531
79185,8.86077360979379,-25.109565386676977
5459,-41.317959416098155,47.221357003596445
5460,58.89057304520588,-42.224285486891546
5461,-105.17070047800884,105.63926490788619
5466,91.35081124452464,-100.20071241963556
5478,-68.59444608249946,75.3151502800157
5479,35.03439285558558,-21.47874990984076
5485,-0.8073186095308131,-12.608419150456037
5490,214.0461038462963,-244.59192080733746
5493,107.76342513939089,-82.35526774746161
87413,-203.74165968375098,207.18398331155268
79224,-103.22519299081918,107.49700431901249
103801,-123.61046690166188,131.49807329053831
54648,-75.31265683744479,81.97775883463012
5503,99.71068024404886,-91.79323320584345
5505,-16.684124621865838,4.965551114487633
103810,-17.895749753519468,5.9794539280790024
5508,37.84662895668586,-38.48183165793801
79242,-55.892178074921,43.84370928007347
5521,-0.6573505464374779,9.805860084123323
5522,36.99645104003542,-19.457580793055598
5523,-123.01492390996333,132.0470055276997
5525,24.607336410104594,-32.06889451066221
38294,-101.6917563164195,108.92888240029227
5530,-147.2282848241197,158.56966596942559
5541,-27.620340036068388,13.954812308749178
103865,-170.49267682433296,173.70084807231996
5577,56.90099664098076,-44.3759455947538
103883,85.00512067818688,-105.85026175602316
54736,64.16541091595809,-76.39648530835731
5589,-42.64112966722241,34.772216025012824
54745,-12.93521932332081,-2.500232400907098
87522,-73.18497903397548,70.94163736813557
5607,210.9656727194688,-247.18478142702423
128488,-31.62269403803146,45.324240996322594
87529,-19.15364053392817,28.273456753247924
5610,-168.76245885842232,175.36306024117656
62956,12.268979595975797,-29.023721921368143
153070,30.296273071254642,-26.349941897364754
5617,89.22917023905546,-74.3646469671109
46578,87.77654140122145,-71.28273978874377
54771,-35.823781657545425,41.458065720130826
71156,19.274186869798008,-7.356559694352825
5621,-105.30015238188527,105.51395595387751
5628,18.06021123814574,-38.50109551966013
54780,-24.327033674907966,8.355624303588545
112138,54.77692307143603,-51.50007188919562
54796,26.96267931739547,-29.720490430757405
62999,46.99621732968628,-61.32361090919314
5657,159.74141930154613,-166.12736959055766
5665,-110.15478854987573,100.65647192152836
5666,32.908547779937415,-50.6998018743683
5673,51.318389525013984,-37.791378371794416
71211,52.452752515206164,-49.07448396584369
5678,-80.3002887069335,85.91512143942289
103984,22.71562397320244,-33.96697159200181
5685,122.81196576752407,-135.97523517018126
112183,-0.7003011550850473,-16.026217516883285
5693,-4.248878150305269,-12.02110865855515
5694,-140.05957788728443,137.4806994386761
5706,-170.59977276425113,173.59688636820124
161354,-47.53450632605848,29.637698108482873
136778,-165.31409471296539,178.57994364832524
128594,100.54669971641945,-90.88339373462823
5720,-105.04114237159524,105.76446143435142
71268,246.01532187662912,-212.22409989706193
5742,106.73785528351756,-83.67045399414138
136816,-102.19823593465203,108.45901189829114
5745,229.90417000156802,-229.90161648694203
54908,-168.00121270793832,176.08410286593195
136840,29.86905845793182,-26.78382693515096
5782,73.35553950492984,-82.18968834992414
5785,20.046419144607693,-36.57475218430121
5786,177.03797650064172,-147.18235527899134
5792,44.66674555232279,-56.810155892715514
5796,-109.93455795614098,100.88397315820428
5803,-106.45763913274365,104.38396732662825
95939,108.78927270305681,-81.00392999160565
5829,95.52692630728806,-96.14651115588237
5840,81.58755604638209,-108.64539773411784
5843,-99.02863170117537,111.35034281290828
54997,94.21638668434194,-113.68112365600281
54999,26.547910020707896,-18.296760598548126
5856,106.49430250144567,-83.97650136610346
79592,1.0364782318182395,8.21378830062081
63222,-2.5285497385092226,7.962247781958334
145150,-34.513563473297985,42.68502024007221
5890,173.26701589333797,-151.76184874458576
71429,-43.39302358785919,34.00470626433774
46855,162.6656974428786,-163.2618958283688
5899,90.98605808597664,-100.54218510810207
5902,81.89875172829403,-94.07324108386673
5909,7.079773558915345,4.130302573130348
87834,206.96257323833066,-250.4405483990544
5915,184.0639989665763,-207.90792532269035
112421,130.39158534773372,-150.24070612619664
5927,-47.992437837704806,29.138082679955552
71464,-13.51756490491301,3.11708757253639
71466,93.72096686196221,-97.93242093097835
104241,27.843829623941136,-16.016679971860466
5941,-55.42745938408669,44.33839233370968
5944,-31.500473302341153,17.531715720586508
5945,-19.604539336229692,11.422607564177694
161594,25.777582132371222,-30.903499420906577
120637,-98.91301818387174,111.45360373529972
153408,88.45162957468193,-102.85750465041357
128832,32.28415393483669,-24.322039047342727
79684,108.28883181516419,-81.66706504630048
71494,27.84954033644141,-28.82868510652402
55112,104.77747920514084,-86.07044609302723
55116,-87.99061647017037,78.38689786509079
5968,85.16837731960914,-105.71228428540134
5969,-102.70977964602574,107.98138482998824
5970,-19.872180292841314,3.950783099151304
79702,62.393161783801425,-49.0078749462504
71518,-20.47223804677501,29.914172313223748
5991,54.59368962920209,-62.43697531802552
71535,70.7983020913375,-87.01358403150009
6001,106.98389853283334,-104.7048973496672
6003,46.85508494806767,-36.79623698191465
46965,-84.95121764287866,87.71856784523612
96121,-296.30249234033477,314.5443753949989
46970,-14.411660101263523,-4.027725283647867
46972,-1.715634693308353,11.735250043669794
6013,-199.77655932173892,210.96976693671056
6014,-106.20196006543497,104.63504411549525
71550,-296.46612032399287,314.39155982643325
6016,108.08220447831143,-123.05514217625128
46976,58.769423830181246,-49.788937751412824
6020,26.51711617226577,-30.16619999461084
6023,36.811359574812776,-19.64839987349545
128908,82.42193775675054,-107.9801963964226
38798,-27.05679266489334,16.77101276525541
6051,127.13270811020261,-108.84008573165107
55207,-44.32734163075555,33.04151992417343
6057,-169.4140246011194,174.74093014099068
128944,32.84066714444721,-23.74866353960331
47044,-69.80731606959345,74.18269796693944
112580,103.13589606996698,-87.98713916996468
55247,83.37395741886175,-81.22878545559868
120783,-103.8729138598897,106.88373535582099
55259,-297.5235162076401,313.39966588033957
55261,-105.55867544613129,105.26306257191385
55267,17.65163238224321,-8.948534326841264
55269,10.261200029076791,-26.85978207893886
38886,12.736851724345923,-28.545739151290352
55280,31.25378787816296,-42.61822051000028
55294,-102.58148147588905,108.10146669901165
169992,27.11114690229944,-29.57162883241306
6156,-7.153660347626241,13.902268608049779
79897,222.49228911024878,-237.06314138682012
30745,181.75566571435053,-209.89074086696735
6185,-40.54063601352156,36.883821684745904
6186,-38.86324371101558,38.53756675358813
6193,74.65814098855972,-71.53318082174523
6196,28.43308989810275,-28.239167709060457
6202,19.452533344703372,-37.15056993190395
88125,91.3778603973008,-74.78612948608102
6210,-31.790889289395565,45.17324940786809
6213,-90.66201182824098,82.104865918314
6218,-3.9017687846203932,-6.8035179747409105
6219,-36.137308789825695,41.16158260763381
79946,30.580766694583275,-26.06078654922576
6223,-3.581641878344541,6.9163660578743835
145491,37.44262629728296,-18.997195837096697
120919,-37.31668532889071,40.03633456981678
6238,-66.49235637288078,55.415283667348724
6241,106.85746201930843,-83.51924277415723
88163,103.18171102913064,-82.34960003165324
6245,24.317957531765853,-32.35756974634434
30822,15.777130017462879,-28.12497273545881
112749,-165.63176494816292,178.28883832424586
6264,-123.97808766342585,120.2390147062151
6266,-33.60083935216184,26.816494473973272
6268,51.943785864096334,-71.6328186743201
6271,-169.84694715906792,174.32501469474207
71810,-333.6729807463463,406.9398693445474
6280,-134.29619253936795,143.01061200089347
6286,80.95992811378366,-76.34190130072923
47254,32.143365121718844,-24.466590369092675
55451,29.440712156481172,-27.218474065061383
6300,161.9423943129157,-163.98193690956987
6310,-110.48045275624028,100.31870219268215
96430,219.2966101203219,-239.986866633423
6319,-144.60476301090932,154.8750374872043
30898,-24.011425800980142,8.68082584694708
6324,-103.35449873780426,107.37498396252397
6339,69.10511763531332,-87.95428392354536
6342,-170.70669346249133,173.49296893192698
6344,31.57642188980858,-25.0467550560857
6345,173.9957927576964,-195.82854312354428
71899,114.06352857420536,-131.09788452507505
6370,82.2804611230988,-108.09378381223401
6373,3.0835867181677585,-4.281539392981724
6376,35.490602571065715,-21.008705518012544
6387,42.1782588412029,-59.17438210398895
6395,24.03017472326571,-32.64506349831479
80124,218.23803362412247,-240.9347850284919
88327,-34.319265471997234,42.86533019752603
6415,101.69689340414449,-89.61077995063295
30994,87.56235492362586,-103.64619855803438
47384,-108.91167436932528,101.93112114320112
6448,85.49850808198825,-105.4321322099464
39231,17.769153162701468,-38.78283130930189
71999,177.46335903593328,-146.6472554795636
129354,-1.7297434977826907,8.753491637012775
6484,-52.98013294446142,43.6898109812379
80219,-13.151682314811886,-2.723429979698264
6493,-169.1970505221581,174.94861341260648
6503,-118.10015440207228,127.06000190756939
63859,7.793898938099905,-18.810912774856266
137595,82.8526644387496,-107.63236797658026
31101,21.174546059611483,-35.47578564774477
88448,211.98617622846675,-246.33442521803875
47491,108.1257944873704,-127.9679495379695
31114,-31.706605949602352,45.24895155320852
6539,71.62615254116608,-59.677302971906116
6542,36.12816207447609,-20.3521681348925
96655,-34.611444253866416,42.59402642852542
129428,-41.542898230537645,35.882011204183385
6548,-50.66179069385257,57.98538085369927
6550,-41.71619913620461,46.219865917895895
6549,35.150929905947244,-21.358638528034888
47516,-166.48648020495077,177.50037959960875
6557,-334.08971971490337,406.60547599558123
6558,-124.21681331295717,130.9349260632307
104863,-86.823500811655,79.57844301685867
170399,99.03258759372808,-92.52121221304749
170401,-45.40074923679467,31.920343017625225
6560,-167.7839014462682,176.28879350853813
6563,-100.69767166509459,109.84240498659543
6564,-89.29329904779952,82.36601431894493
6567,27.555229919401352,-29.125293219819508
55721,124.61751610211799,-146.92417275446684
6573,102.97883207977203,-88.16637056990851
6577,23.74382943373862,-32.93168827555142
47538,-110.58777646054743,100.20703278441762
6581,-107.09095063038197,103.75849123033682
6582,-127.02757141699253,128.26541392341116
178615,18.361356601968264,-38.209214880886044
31162,-40.987122400881645,36.438805328831315
6596,30.865204372753045,-25.771485373986078
72142,243.45944122436663,-215.24458522357384
104913,61.42597052179818,-80.436733498138
6616,-68.24028770255265,75.64424515567273
6618,71.50602090542463,-72.09694873507947
6620,68.89616599070862,-77.28902973055304
104925,33.384279690059294,-23.18606380765514
72165,-172.3886380839602,171.84159017201128
72167,16.485576965915996,-6.42028269859713
72171,19.80576105081315,-36.80817669863536
72178,154.61603985440993,-170.8701743709866
6645,73.77311708408334,-59.364895332984524
39414,-39.98129266447553,37.43846775605502
31221,-160.2285437552224,170.3999853957636
6650,9.386421677596733,-2.449189996999331
6666,137.0690928873831,-135.45259073290214
39435,-56.90373479980581,47.32005678088507
39444,16.663145095268487,-9.920336292024592
39449,-94.46114498080141,89.70440710698604
6686,-74.59631057448846,82.6376081358593
6688,37.61515479524597,-18.819003505586704
6689,94.08403613881588,-97.57745168909011
55844,37.3551490537292,-19.087507665307513
6696,-108.2001394566117,102.65060129837977
6705,-108.43995015311049,102.40890642618847
6708,64.67499618990304,-50.9877012199952
6710,49.83913256656278,-40.44783536433959
6711,95.16964314273591,-106.29416601288334
105020,-232.4199734087636,245.04767264651454
6720,-104.52215351938516,106.26382879150582
6721,1.2446881522131148,-16.97454167341935
6724,48.075863167700476,-35.490931769276095
113225,-39.533611920851584,37.88009820190411
96861,-5.0928216568818145,-4.2034760832754605
6750,-59.380527205452516,62.48567281015433
6753,18.159407580750898,-38.404991791393414
6764,-21.78545605913061,16.181397633766665
6765,-9.036725778333324,-6.0935795030550315
47725,19.33715147221943,-37.26243033666219
72308,141.76191263177265,-115.70979296069717
6776,110.02195876929477,-126.3562000884076
113275,171.10224387357633,-154.26573955385575
6783,17.033893723852117,-39.493023097438396
6788,-165.52569221102976,178.38615699753143
31367,-165.73803312466725,178.19122321462712
6793,-201.06074682504797,203.80667113040883
187031,0.24997460101506866,10.688377928243415
6812,-139.31983038786817,138.21052333046953
6814,-41.4320086450062,35.993358308264945
105121,-293.6003981760811,317.0420093005883
88744,28.85398448570792,-17.237404652617965
162478,100.87770762468351,-90.51951051908547
96945,17.580121088996904,-38.9656138207018
6837,-45.95027712646909,31.339571001869615
72378,-92.12075505409015,86.99935243749411
31420,-8.54637513723115,18.5514070960302
80572,103.75332732678858,-87.27588825600095
6850,-121.98261113607202,132.98880934620615
56003,-45.49411452946455,31.822007418814124
113348,-76.96783556323732,67.1380923739588
80584,97.82584511372599,-93.79468610686432
80586,78.44949481047334,-67.5512664623167
96975,20.66392453788659,-35.97427484997472
170705,131.19426994403372,-137.46053592351933
6867,36.168492850037154,-43.277140065676775
31445,-133.15257176856613,144.06643208230327
6881,-28.672313129361115,29.378797481325485
64231,-43.07297203049639,34.332200224194104
88812,-86.3364283148722,80.07016571992008
6893,78.35954741335452,-72.2494373405302
113394,103.90434099039891,-87.10015060289626
6902,88.09447491891584,-103.17571333380313
105211,-34.1269090203268,43.043423376046576
56060,149.88459488491753,-174.95536963346888
105213,-20.405392527880927,23.39484315089702
113416,-236.252043620132,241.39415266842914
6942,58.053162699593344,-75.8673178384911
72489,128.17420476545894,-107.56490343596626
6954,89.35119115791947,-102.04724151345967
138036,30.91626435542678,-17.615419858775148
80693,-9.723484516396978,17.412016128122488
170813,-38.30709530044936,39.07946948749133
170817,105.59797165992923,-85.08236761716094
6978,-10.596072678570751,-0.10575722265352479
146244,98.5184646255434,-93.0671869849176
6990,17.674163281878073,-38.874699301463096
6992,-78.04439059665428,66.02983253081727
6993,56.05857190921064,-72.83486562468003
6994,-6.468738057662216,4.0523577931462205
80727,-8.54332471581745,1.9739065916593346
7000,-46.89422912192082,30.3304913737778
7004,-52.11621435635016,56.646118981554196
7007,33.24964339754167,-23.32556932802575
47970,79.42818604718057,-66.49760901187054
7016,-232.90840315855067,244.5890096328286
72554,176.15858656048536,-148.2763098052967
7019,-76.50218203164879,67.61611737763307
7022,76.62285657418428,-95.77636932751369
7023,174.27580053792272,-150.5647379653172
7031,100.21378241932165,-91.24731754674016
170875,-125.06969287681937,130.1353695137502
7037,176.603164431905,-147.72530406292637
7040,-101.19132494918584,109.39019800565943
31617,-35.20898558200193,42.03620060520404
7047,-107.46571459606449,103.38596351819402
7048,17.03265551790049,-5.88206918433986
7056,130.45424939437123,-128.66591231750587
129937,-147.12552409991306,152.51034790786858
72601,-39.64550962381497,37.76990430248834
7067,-10.959167664767994,-0.4748640026282684
7072,20.538639903669498,-36.09631739356437
48032,101.37068120810383,-89.97398564387352
7076,73.35912710739926,-83.94457961651688
31660,-46.97626035948007,30.242108234833935
7086,22.25808200383377,-34.416190976423536
31664,33.518064127564905,-23.047373720178946
7089,105.3298583691334,-85.40752979843649
7090,90.29058314039962,-79.04723550604378
170939,27.407497735200135,-29.273948296597652
7102,-100.57537930156398,109.95399128265261
7108,-1.358722174074603,9.118801704356274
48082,67.05318431085774,-86.88828034087705
7122,248.44824157045517,-209.26457326669694
31700,-12.901633914820582,19.794855022359517
7127,34.426736631882406,-22.105943686979682
7137,41.767175843607845,-28.63789310644542
7143,87.1271485440028,-77.51687096628275
7149,44.45096405453862,-51.8229815347733
7153,101.71780507440161,-121.61468170066053
170993,80.7845265557115,-109.2750562957572
89087,-99.61393928002157,110.82520646013643
56333,36.32945882257687,-20.14487387530823
7193,-39.869359904683066,37.54907913808932
130083,-171.23848849485262,172.9742379106883
130087,69.78450876787014,-53.663765041910935
56367,72.82439796000628,-55.78060223435816
97328,-46.64450155646021,30.598873918029586
7222,-14.252803359278671,-3.8627348497629246
7235,12.376658051102577,-21.51858311379961
7248,31.860445231046466,-24.756467180752974
7260,30.438536489571035,-26.205370534924622
7262,-165.1032645948711,178.77256812699744
105593,169.94253269218788,-155.57211767823847
31867,-42.85771493273459,34.55179569793189
7297,40.530154810869185,-60.70559667268471
31878,41.07457486070497,-37.18217311982443
7307,-47.91734606567513,29.2202451578026
7312,-334.6643997057533,406.14306839084855
7315,-166.16477451020958,177.7980446142758
7323,62.09362595225106,-76.23086505880703
138396,17.122934578308847,-39.40711891434554
7325,-8.340284390684458,-7.516972307343923
113829,223.56190981589916,-236.06316132608976
7345,90.2577302269704,-101.21784773066693
31921,-101.06725325303277,109.50411996305654
31923,82.99843459664072,-107.51396873415649
7352,90.80380119151452,-100.7120375482003
7354,-1.7770969001204295,-13.597844697758184
97470,-257.00921554880273,286.46193756060654
48319,-166.59400796850667,177.40064435137202
7360,89.2331319422024,-76.08512899425584
7364,94.62706567543455,-97.04276031256377
7366,-50.25256726045535,44.12754113473936
187593,72.3121631291419,-84.94490424339746
7369,-136.24203752015652,141.18302419962072
31952,29.29756654425844,-27.36363526996713
7381,-14.79244429468135,24.198220560204987
48342,97.3014168709342,-94.33950813181804
72919,-41.87458475000524,35.54818999146817
7387,101.48605271918058,-81.67405180083546
7394,-104.91149335417623,105.88953062363372
7395,-77.40188905552216,66.69258898994033
81132,64.73833900644487,-59.06077901312922
7414,-104.00271592103539,106.76021839614583
105720,-36.454609000598566,40.86039243505061
81156,77.25826598724618,-90.97929950410395
32009,-82.45960502120883,83.87399884580476
56587,-15.227811193382193,0.43326938851809343
7438,75.77505049973718,-79.76422107019503
32017,-75.22493178618237,78.35869558677113
7445,37.34735686272955,-53.85607752459137
48412,-33.74794790018759,43.39307730419544
32029,-29.04063359534998,34.604360284490575
7458,24.195735771465426,-12.477869048390378
7460,32.04502172759211,-47.23974331940989
146730,-168.544951002053,175.56971852091203
81229,37.70026040988904,-18.73106762557956
40278,57.064049255660905,-47.01634158101646
105835,106.61679897377259,-83.8228842751501
114028,98.86173829441071,-92.70321489499973
138632,250.75895040737578,-206.3738979450125
40339,-135.12159455499446,132.8963551979484
130452,102.82092268329657,-88.34597119576662
7579,58.30943667692743,-42.85292185538116
48560,-108.67713665733669,102.1690671855147
7620,107.32145506815247,-82.9270504828408
138702,-33.102681036386706,43.98475596369755
56788,11.246510759264636,-11.622179502911605
48596,-74.68911947553742,69.45159675962215
130518,107.87075843872404,-82.21538506362985
97757,104.49268874497095,-86.40876874937874
105954,38.38355261338472,-51.96573439060681
7657,54.561833932719445,-69.1716898137779
32243,27.7025894745096,-28.976854957140468
56837,-44.12357159868343,33.25253242301325
7700,-5.841506029968163,-8.771127186754253
7707,-171.5550588128134,172.66395729227528
32289,5.919513826913169,-17.002903379357683
32291,-31.57256833586993,18.89432889695174
48678,-69.39002540500397,74.57363184868906
7720,-68.9817490253885,74.95460782664027
40491,205.98074008945002,-251.22014786557025
97836,-92.55294889757624,98.98424686923899
32300,-56.45766432897302,65.20182200928616
73266,-37.099238132075506,40.24497872511903
7730,-42.749579066993824,34.66191220635129
73268,9.47475365837358,-24.476274975948737
97858,-169.73885511150692,174.42905172187852
7756,102.18223454008918,-89.06727775519298
56908,106.97561638558264,-83.36927869756758
7766,93.90259558996911,-97.75509536834316
56921,72.79735635320307,-64.35790571417141
65126,24.462452224423576,-32.21338219200257
7782,-36.03236677506447,41.260944307957715
48744,105.46457328645424,-85.24444429201579
73321,4.528640210211549,6.544140850966505
56941,-27.091648287571537,25.80851838993388
97904,80.52295258668656,-109.47797313394933
81520,91.8982897522848,-99.68433336228648
122490,-232.07038504766638,245.3747253855161
97921,47.91284879260282,-66.81925829820962
40578,-42.094766804038045,35.32594929563026
32387,140.3187200257386,-117.53850999164759
48774,90.54025571512386,-85.40051532877247
32392,-105.9452582941655,104.88628852640385
40597,-172.18179249123384,172.046380250448
7831,25.190259665456963,-31.488202049514637
7835,28.72249485339832,-27.946298919900798
81564,48.629897888120496,-34.89132405570574
7844,17.865129618347243,-38.68996990338514
32440,-167.67532044630812,176.39087886785543
32456,133.45156293378614,-125.52243145174778
32460,117.02864360772044,-140.91230292708363
65230,-26.399724632308626,12.634254248056617
32469,155.33314025033664,-170.22711559255654
171765,51.12767666323582,-72.38715425821587
89862,17.21273773881621,-39.32045370860104
89864,37.18388284508244,-54.77837297042276
89898,36.22946276662204,-20.247852945572003
7980,66.29133375395959,-67.21257954311376
89904,96.9097811313108,-107.73093010549175
8012,42.75725939531998,-58.62976184232975
8016,100.0465879433761,-91.42928492275578
32596,-35.63534237905368,22.433921809423914
8024,28.57797092922651,-28.092586807344937
106330,-166.37909862451104,177.5998576663143
171867,-0.33219530471875475,10.122937895226706
73569,62.35127605109556,-61.523262425205424
8043,-235.9120315464537,241.7234962844263
8045,-166.05783958919992,177.89674789124155
155509,20.29075574022167,-36.33745910030462
81782,8.360585289936665,-9.766227300830106
81784,-87.64388185490631,78.74290233381134
139130,-105.42948267969719,105.38854983557482
188301,56.37495919841194,-44.93676721521648
57243,32.56388875315016,-24.034214172988058
8093,19.569148675916562,-37.037533612256674
81831,82.70801067334622,-107.74951886347904
114601,-71.63566629291107,72.44578628882132
8117,81.72429676046897,-108.53715523061744
98230,21.975194167122776,-34.69233990478162
8132,137.6738802526382,-143.6484223183152
106438,-7.554247289270343,2.969547257008316
73676,-35.00785661192874,42.22440915051853
73681,-33.376491219092195,43.734252855330375
147410,231.97030076547935,-227.80433003603846
65514,97.6224141465753,-78.9701619066989
49130,50.729953740497145,-50.84354256493849
114670,33.11416102161173,-23.46585617336007
114678,120.47814552599371,-138.02697917933997
8183,-18.5737881570288,14.177732374369
40955,78.75304228988308,-78.60305567955973
8190,86.51495384922795,-104.56007713967661
40959,41.20847455645419,-60.077478801173136
